4h_timestamp,4h_open,4h_high,4h_low,4h_close,4h_volume
1627747200000,41547.21,41580.26,41040.89,41309.85,7.444235
1627761600000,41309.85,41978.92,41165.0,41447.67,23.019513
1627776000000,41447.67,42566.0,41146.99,42438.76,16.965873
1627790400000,42438.76,42438.76,41613.32,41696.27,13.860199
1627804800000,41696.27,41939.99,41323.8,41581.7,15.844612
1627819200000,41581.7,41821.66,41169.13,41288.52,13.416955
1627833600000,41288.52,41488.19,40650.0,41244.37,34.795585
1627848000000,41244.37,41500.0,39462.33,39851.08,45.568689
1627862400000,39851.08,40082.11,39238.47,39786.72,25.295697
1627876800000,39786.72,40452.47,39601.0,40086.32,18.242415
1627891200000,40086.32,40137.24,39313.05,39535.18,24.697768
1627905600000,39535.18,39847.14,39000.0,39705.41,29.126902
1627920000000,39705.41,39965.06,39050.5,39184.82,7.265981
1627934400000,39184.82,39575.79,38691.0,39144.91,38.922186
1627948800000,39144.91,39771.94,38515.0,38664.19,17.738722
1627963200000,38664.19,38816.37,37988.75,38598.99,28.714742
1627977600000,38598.99,38796.71,38351.52,38477.63,17.873386
1627992000000,38477.63,38681.85,37753.55,38172.94,34.050897
1628006400000,38172.94,38515.2,37661.2,38004.51,14.098008
1628020800000,38004.51,38615.02,37892.71,38210.87,8.27518
1628035200000,38210.87,38555.98,37899.39,37968.73,11.254679
1628049600000,37968.73,38316.81,37690.0,37821.94,20.775993
1628064000000,37821.94,38253.44,37551.94,38168.61,12.589015
1628078400000,38168.61,39459.93,38167.0,39302.67,38.874328
1628092800000,39302.67,39828.0,39230.09,39746.9,15.524887
1628107200000,39746.9,39955.86,39554.61,39738.46,27.611846
1628121600000,39738.46,39833.42,39205.0,39446.71,11.779832
1628136000000,39446.71,39521.0,38711.95,38865.02,14.278715
1628150400000,38865.02,38962.27,37858.82,38001.37,34.4347
1628164800000,38001.37,39376.39,37348.85,38792.3,67.84954
1628179200000,38792.3,41353.0,38756.14,40686.55,65.548614
1628193600000,40686.55,41277.51,40673.93,40864.26,21.471053
1628208000000,40864.26,41014.07,39938.73,40221.63,22.24085
1628222400000,40221.63,41200.0,39900.01,40736.99,21.549914
1628236800000,40736.99,41127.24,40425.0,40524.5,19.12977
1628251200000,40524.5,42150.0,40317.56,42149.99,42.918174
1628265600000,42149.99,43367.66,41879.12,42904.0,33.835406
1628280000000,42904.0,42961.63,42392.49,42831.88,18.851379
1628294400000,42831.88,43759.35,42595.3,43690.27,46.310891
1628308800000,43690.27,43936.39,43050.0,43218.13,40.733036
1628323200000,43218.13,43982.54,43112.52,43813.2,23.682483
1628337600000,43813.2,44526.1,43086.29,43373.46,55.746097
1628352000000,43373.46,44076.65,42500.0,43996.88,43.950203
1628366400000,43996.88,44705.58,43513.0,44578.65,27.167721
1628380800000,44578.65,44778.02,43814.67,44272.66,33.64268
1628395200000,44272.66,45281.85,44183.23,44786.36,31.771694
1628409600000,44786.36,45030.78,44100.73,44458.53,22.373681
1628424000000,44458.53,45164.04,43795.0,43974.09,38.213067
1628438400000,43974.09,44366.32,43296.16,43697.57,23.525371
1628452800000,43697.57,44591.05,43560.26,43807.74,41.949404
1628467200000,43807.74,43953.17,42820.94,43506.53,26.958602
1628481600000,43506.53,43832.56,43260.0,43832.56,30.478213
1628496000000,43832.56,46000.0,43591.29,45947.64,55.42406
1628510400000,45947.64,46299.98,45172.0,45900.0,59.313716
1628524800000,45900.0,46466.92,45700.0,45993.01,28.865781
1628539200000,45993.01,46445.88,44760.02,46285.33,39.14312
1628553600000,46285.33,46750.0,45550.03,45703.01,30.143369
1628568000000,45703.01,46000.0,45329.5,45964.61,13.491209
1628582400000,45964.61,46150.0,45222.49,45361.05,28.349597
1628596800000,45361.05,46100.0,44896.93,45154.67,35.678507
1628611200000,45154.67,45472.7,44650.0,45355.68,38.812479
1628625600000,45355.68,45877.64,45154.04,45585.67,29.832617
1628640000000,45585.67,45981.76,45349.31,45583.31,17.564282
1628654400000,45583.31,46437.88,45458.56,46337.9,19.423316
1628668800000,46337.9,46581.18,45872.83,45926.64,16.864575
1628683200000,45926.64,46595.92,45800.02,46308.36,37.246587
1628697600000,46308.36,46408.93,45900.01,46003.44,12.808478
1628712000000,46003.44,46360.0,45543.0,45543.0,32.521564
1628726400000,45543.0,46207.82,45431.65,45901.15,17.924516
1628740800000,45901.15,46008.83,44847.49,45260.17,36.636632
1628755200000,45260.17,45659.41,44674.12,44722.23,26.484309
1628769600000,44722.23,44949.66,43950.0,44184.47,40.937235
1628784000000,44184.47,44499.63,43790.8,44381.02,24.184354
1628798400000,44381.02,44581.81,43873.16,44412.0,24.322296
1628812800000,44412.0,45349.92,44243.99,45160.35,17.297448
1628827200000,45160.35,46322.69,44900.0,46080.64,28.229675
1628841600000,46080.64,46533.0,45947.89,46148.11,29.136265
1628856000000,46148.11,46658.0,46146.22,46383.99,25.610549
1628870400000,46383.99,46595.94,46225.26,46459.67,14.297228
1628884800000,46459.67,47865.28,46402.13,47807.6,43.540145
1628899200000,47807.6,47835.22,47412.63,47545.31,15.480383
1628913600000,47545.31,47721.66,47433.92,47626.81,26.985802
1628928000000,47626.81,48107.0,46029.73,46567.54,58.213958
1628942400000,46567.54,46950.0,46144.55,46950.0,37.629271
1628956800000,46950.0,47268.76,46613.13,47040.61,37.995273
1628971200000,47040.61,47200.0,46341.29,47037.53,16.475304
1628985600000,47037.53,47336.25,46788.08,46861.68,9.23376
1629000000000,46861.68,46873.03,45617.15,45744.0,38.379609
1629014400000,45744.0,46150.79,45579.62,45933.16,20.230771
1629028800000,45933.16,46467.0,45507.0,46154.63,22.366484
1629043200000,46154.63,46300.0,45633.46,46296.0,22.872694
1629057600000,46296.0,47268.45,46241.31,46979.44,26.056083
1629072000000,46979.44,48016.54,46758.0,47339.29,28.762412
1629086400000,47339.29,47689.89,47151.9,47258.94,17.906958
1629100800000,47258.94,47588.92,46995.08,47514.8,45.719172
1629115200000,47514.8,47692.65,45957.32,46356.87,60.966464
1629129600000,46356.87,46651.56,46055.0,46074.38,23.134011
1629144000000,46074.38,46325.99,45657.69,45913.29,30.740106
1629158400000,45913.29,46588.12,45289.26,46413.44,25.301701
1629172800000,46413.44,46592.07,45644.34,45930.02,25.214696
1629187200000,45930.02,47138.09,45894.23,46856.0,33.191627
1629201600000,46856.0,47068.51,45623.85,45667.42,27.636571
1629216000000,45667.42,46176.33,45265.49,45483.11,45.572209
1629230400000,45483.11,45492.88,44412.0,44676.76,54.310373
1629244800000,44676.76,45127.0,44218.24,45050.3,29.543066
1629259200000,45050.3,45487.54,44877.36,44965.5,39.901096
1629273600000,44965.5,45550.0,44650.0,44751.27,34.104028
1629288000000,44751.27,45815.6,44646.71,45807.37,54.774614
1629302400000,45807.37,45930.0,44750.53,44850.0,37.048538
1629316800000,44850.0,45128.17,44368.08,44635.35,32.553405
1629331200000,44635.35,45190.0,44050.0,44063.52,17.669313
1629345600000,44063.52,44639.16,43950.0,44624.78,37.16667
1629360000000,44624.78,44955.98,44212.49,44220.0,41.845013
1629374400000,44220.0,45752.89,44138.38,45748.81,44.565015
1629388800000,45748.81,46725.1,45400.0,46688.15,53.85673
1629403200000,46688.15,47001.35,46344.39,46753.83,35.719461
1629417600000,46753.83,47363.61,46629.54,47042.22,33.55134
1629432000000,47042.22,47227.29,46740.8,46813.66,45.435122
1629446400000,46813.66,47349.0,46730.02,46937.9,26.742151
1629460800000,46937.9,48705.0,46889.1,48704.22,72.025998
1629475200000,48704.22,49067.0,48291.12,48648.34,47.125216
1629489600000,48648.34,49338.0,48501.0,49301.43,35.546104
1629504000000,49301.43,49338.0,48704.75,48816.06,15.128882
1629518400000,48816.06,48914.93,48538.27,48889.6,25.820105
1629532800000,48889.6,49316.04,48171.57,48422.45,27.821485
1629547200000,48422.45,49350.0,48400.0,49153.07,29.471032
1629561600000,49153.07,49731.15,48834.75,48899.46,22.56378
1629576000000,48899.46,49346.03,48725.02,48772.59,12.064572
1629590400000,48772.59,49101.36,48587.61,48744.43,9.580188
1629604800000,48744.43,49230.85,48744.43,49180.4,8.191973
1629619200000,49180.4,49407.07,48911.83,49113.06,19.748804
1629633600000,49113.06,49173.37,48074.56,48507.65,43.874463
1629648000000,48507.65,48817.35,48200.0,48637.98,19.846211
1629662400000,48637.98,49506.7,48247.53,49223.35,31.3666
1629676800000,49223.35,50314.29,49070.9,50236.63,35.489616
1629691200000,50236.63,50350.0,49943.72,50061.46,40.491257
1629705600000,50061.46,50424.0,49939.02,50346.62,43.488801
1629720000000,50346.62,50399.0,49306.0,49494.16,50.864844
1629734400000,49494.16,49748.75,49100.0,49231.81,27.291696
1629748800000,49231.81,49683.98,49022.0,49519.22,31.437712
1629763200000,49519.22,49666.66,48757.4,49317.03,17.489484
1629777600000,49317.03,49790.14,49149.88,49728.89,33.191993
1629792000000,49728.89,49763.6,49006.92,49357.63,29.799117
1629806400000,49357.63,49357.89,48177.43,48250.0,67.946882
1629820800000,48250.0,48360.89,47747.64,48201.83,47.017861
1629835200000,48201.83,48349.98,47525.41,47671.53,19.975309
1629849600000,47671.53,48259.75,47624.57,47945.65,41.41575
1629864000000,47945.65,48537.08,47881.62,48106.88,28.278431
1629878400000,48106.88,48121.06,47120.0,47560.2,45.263589
1629892800000,47560.2,48851.17,47327.65,48800.57,41.829541
1629907200000,48800.57,49149.51,48500.74,48715.77,24.648498
1629921600000,48715.77,49245.14,48627.0,48996.42,24.25306
1629936000000,48996.42,49344.29,47838.76,47892.43,21.05877
1629950400000,47892.43,48016.31,46569.73,46897.6,63.725088
1629964800000,46897.6,47197.67,46711.45,46845.32,21.726651
1629979200000,46845.32,47402.06,46323.43,46743.51,31.747136
1629993600000,46743.51,47125.96,46482.38,46951.27,28.030094
1630008000000,46951.27,47405.85,46810.0,46822.44,9.747305
1630022400000,46822.44,47622.04,46338.71,46788.33,21.091952
1630036800000,46788.33,47522.14,46560.41,47463.5,12.431312
1630051200000,47463.5,47767.44,46988.0,47448.57,25.259697
1630065600000,47448.57,48400.0,47021.52,48164.27,44.427898
1630080000000,48164.27,48529.22,47990.07,48295.48,29.841226
1630094400000,48295.48,49089.0,48164.73,49037.99,46.795724
1630108800000,49037.99,49257.4,48829.31,48830.94,29.685778
1630123200000,48830.94,49061.67,48621.61,48928.16,31.305685
1630137600000,48928.16,49064.34,48640.0,48663.02,26.84217
1630152000000,48663.02,48948.51,48352.9,48800.0,23.646937
1630166400000,48800.0,49128.32,48500.0,48641.31,21.261702
1630180800000,48641.31,48970.0,48575.81,48884.84,15.076363
1630195200000,48884.84,49614.36,48083.16,48219.36,29.593959
1630209600000,48219.36,48581.54,47800.0,48497.89,17.929713
1630224000000,48497.89,48640.95,48142.47,48143.14,24.516566
1630238400000,48143.14,48536.38,48120.0,48451.0,16.952802
1630252800000,48451.0,48850.0,48335.81,48780.0,17.170639
1630267200000,48780.0,49367.72,48397.03,48756.58,19.168843
1630281600000,48756.58,48873.18,47800.0,47953.01,27.084465
1630296000000,47953.01,48125.69,47650.0,47929.86,22.261615
1630310400000,47929.86,48200.0,47650.0,47913.85,12.639377
1630324800000,47913.85,48094.07,47394.11,48032.93,23.144777
1630339200000,48032.93,48621.17,47969.29,48621.17,17.202727
1630353600000,48621.17,48687.0,46864.01,46986.26,75.159673
1630368000000,46986.26,47180.63,46700.0,47130.68,53.901188
1630382400000,47130.68,47860.0,46824.51,47667.05,38.856559
1630396800000,47667.05,48030.87,47120.01,47932.0,58.946474
1630411200000,47932.0,48200.0,47165.66,47404.62,60.737913
1630425600000,47404.62,47565.49,47002.29,47302.25,29.062397
1630440000000,47302.25,47315.0,46733.0,47103.33,32.870909
1630454400000,47103.33,47275.54,46500.0,47032.51,30.747953
1630468800000,47032.51,47444.29,46959.91,47148.15,21.204736
1630483200000,47148.15,47718.72,47099.29,47669.7,33.505319
1630497600000,47669.7,47789.43,47225.95,47434.67,19.466374
1630512000000,47434.67,49059.99,47339.16,48099.9,51.645479
1630526400000,48099.9,48832.84,48069.89,48783.19,23.429101
1630540800000,48783.19,49818.13,48558.75,49537.23,57.923635
1630555200000,49537.23,50326.95,49291.68,49856.86,61.812969
1630569600000,49856.86,50161.39,49671.71,50032.26,39.351005
1630584000000,50032.26,50295.85,49250.0,49496.94,51.296068
1630598400000,49496.94,49683.1,49159.84,49270.31,39.391357
1630612800000,49270.31,49809.71,49231.18,49231.18,42.78726
1630641600000,49447.47,49730.23,49226.0,49251.72,38.248366
1630656000000,49251.72,50460.24,49251.71,50150.0,80.9324
1630670400000,50150.0,50987.0,49873.12,50569.0,95.492543
1630684800000,50569.0,50691.96,50211.5,50526.84,34.154808
1630699200000,50526.84,50526.84,49577.8,49973.87,25.395761
1630713600000,49973.87,50351.02,49578.1,50282.95,23.857267
1630728000000,50282.95,50469.36,50123.71,50193.97,34.464341
1630742400000,50193.97,50550.0,49710.45,49907.94,32.473376
1630756800000,49907.94,50316.49,49784.06,49886.03,38.653959
1630771200000,49886.03,50048.0,49400.0,49995.98,38.82004
1630785600000,49995.98,50272.89,49736.02,49919.82,18.311626
1630800000000,49919.82,50306.81,49672.39,49685.35,28.41111
1630814400000,49685.35,50044.28,49485.03,49845.24,17.094
1630828800000,49845.24,50377.08,49831.93,50189.57,23.474197
1630843200000,50189.57,50463.23,50009.38,50194.56,22.875106
1630857600000,50194.56,50840.98,50118.29,50653.18,43.322002
1630872000000,50653.18,51836.71,50615.37,51726.73,96.088055
1630886400000,51726.73,51899.99,51447.95,51571.15,31.047082
1630900800000,51571.15,51920.0,51538.22,51748.19,27.451918
1630915200000,51748.19,52085.36,51271.96,51339.39,68.695849
1630929600000,51339.39,51658.05,50963.72,51503.29,56.379285
1630944000000,51503.29,51892.11,51369.74,51584.43,17.791059
1630958400000,51584.43,52662.73,51494.8,52586.77,55.980988
1630972800000,52586.77,52818.37,52290.41,52576.51,26.758873
1630987200000,52576.51,52644.55,52000.92,52262.27,24.586174
1631001600000,52262.27,52269.23,50465.26,50890.91,77.317816
1631016000000,50890.91,51043.99,43000.0,46661.88,326.964007
1631030400000,46661.88,47506.79,45868.12,46606.74,119.542544
1631044800000,46606.74,47141.83,46069.3,46729.2,69.956704
1631059200000,46729.2,47299.87,46253.77,46420.12,59.658697
1631073600000,46420.12,46784.42,44995.55,45096.25,118.347722
1631088000000,45096.25,46747.35,44436.94,46373.45,91.946663
1631102400000,46373.45,46777.85,45607.27,46015.0,52.689432
1631116800000,46015.0,46500.0,45831.18,46407.77,27.741936
1631131200000,46407.77,46730.87,45825.0,46014.25,57.371878
1631145600000,46014.25,46319.63,45508.88,45970.29,41.856015
1631160000000,45970.29,46353.6,45866.42,46266.11,27.647285
1631174400000,46266.11,46519.57,45899.73,46279.14,36.144937
1631188800000,46279.14,47202.87,45579.86,46967.95,105.791701
1631203200000,46967.95,47338.87,46443.77,46538.88,49.524216
1631217600000,46538.88,46614.71,46063.11,46358.44,27.700377
1631232000000,46358.44,46998.0,46243.0,46695.8,33.752816
1631246400000,46695.8,46780.66,45884.89,46105.35,38.489682
1631260800000,46105.35,46335.82,45606.3,46293.48,69.392254
1631275200000,46293.48,46455.48,44754.31,45384.05,140.497581
1631289600000,45384.05,45784.35,45269.81,45620.85,29.267882
1631304000000,45620.85,45785.43,44150.0,44830.7,57.997286
1631318400000,44830.7,45462.97,44727.84,45164.42,33.37744
1631332800000,45164.42,45416.24,44758.39,44921.25,59.936379
1631347200000,44921.25,45679.28,44804.2,45512.45,64.736743
1631361600000,45512.45,45741.68,45367.06,45529.04,41.420136
1631376000000,45529.04,45943.71,45284.22,45340.75,44.82846
1631390400000,45340.75,45416.45,44947.87,45131.32,45.119841
1631404800000,45131.32,45299.09,44713.09,45286.12,44.362692
1631419200000,45286.12,45450.0,45024.6,45321.85,24.110344
1631433600000,45321.85,46127.93,45270.0,46055.65,39.599991
1631448000000,46055.65,46182.27,45705.63,45870.72,49.583744
1631462400000,45870.72,46086.6,45726.88,45864.3,27.755968
1631476800000,45864.3,46377.51,44870.0,45986.0,68.958364
1631491200000,45986.0,46241.73,44551.0,44560.77,67.40568
1631505600000,44560.77,44932.92,44125.64,44446.06,85.176869
1631520000000,44446.06,44871.46,44147.18,44846.99,79.579552
1631534400000,44846.99,46782.0,43381.99,44313.77,178.913781
1631548800000,44313.77,44756.43,44131.05,44700.93,31.456324
1631563200000,44700.93,45452.09,44700.93,44910.13,33.960808
1631577600000,44910.13,45301.0,44590.01,45148.42,33.746033
1631592000000,45148.42,45846.79,45015.06,45700.0,36.375807
1631606400000,45700.0,46143.48,45650.64,45958.61,53.39545
1631620800000,45958.61,46914.65,45759.57,46716.04,93.816682
1631635200000,46716.04,46848.48,46313.16,46452.39,52.157451
1631649600000,46452.39,47233.76,46377.71,47100.0,71.007195
1631664000000,47100.0,47443.43,46938.02,47065.97,33.883241
1631678400000,47065.97,47150.0,46686.86,47150.0,47.819842
1631692800000,47150.0,47659.99,47001.1,47554.22,62.129202
1631707200000,47554.22,48284.0,47306.0,48264.98,77.997748
1631721600000,48264.98,48444.0,47848.64,48073.86,45.793683
1631736000000,48073.86,48434.79,47909.57,48128.25,34.977916
1631750400000,48128.25,48192.05,47323.48,47589.63,68.528825
1631764800000,47589.63,48470.0,47564.59,48322.43,35.280684
1631779200000,48322.43,48326.69,47618.44,47899.58,42.825596
1631793600000,47899.58,48200.82,47210.0,48025.14,54.154376
1631808000000,48025.14,48160.0,47238.13,47428.96,38.693076
1631822400000,47428.96,47900.0,47020.51,47729.93,22.982421
1631836800000,47729.93,48084.88,47438.04,47868.03,25.656032
1631851200000,47868.03,48142.22,47643.89,47723.35,25.352996
1631865600000,47723.35,47965.73,47263.18,47367.38,51.427223
1631880000000,47367.38,47620.45,47122.04,47512.71,48.483641
1631894400000,47512.71,47719.4,46750.01,47485.51,54.664428
1631908800000,47485.51,47565.24,46805.85,47290.58,21.972019
1631923200000,47290.58,47952.0,47058.1,47901.24,28.611094
1631937600000,47901.24,48750.0,47901.24,48588.33,40.155396
1631952000000,48588.33,48773.78,48300.89,48328.41,20.658736
1631966400000,48328.41,48648.37,48233.13,48374.86,40.205498
1631980800000,48374.86,48481.78,48063.68,48231.36,32.8455
1631995200000,48231.36,48325.94,47788.0,48272.38,23.233525
1632009600000,48272.38,48328.8,47600.0,47820.74,27.645451
1632024000000,47820.74,48196.74,47750.39,48146.04,21.580244
1632038400000,48146.04,48308.47,47200.0,47321.89,38.426491
1632052800000,47321.89,47757.53,47088.63,47667.53,30.851987
1632067200000,47667.53,47788.37,47305.0,47367.14,33.024822
1632081600000,47367.14,47673.59,46864.83,47252.31,29.305674
1632096000000,47252.31,47338.82,45178.51,45574.2,62.038109
1632110400000,45574.2,45833.34,44526.52,44795.9,59.087959
1632124800000,44795.9,45280.98,43264.57,43746.19,120.006304
1632139200000,43746.19,44141.86,42523.37,43903.6,179.246859
1632153600000,43903.6,44247.67,42922.85,43890.78,59.240605
1632168000000,43890.78,43950.0,42574.45,43049.82,51.846137
1632182400000,43049.82,43081.39,40270.0,42673.98,140.113837
1632196800000,42673.98,43330.24,42170.71,43261.43,48.782426
1632211200000,43261.43,43600.3,43035.5,43290.66,38.19521
1632225600000,43290.66,43526.19,42169.99,43035.73,68.02816
1632240000000,43035.73,43236.1,41500.0,41976.55,257.23841
1632254400000,41976.55,42279.7,39632.1,40717.22,216.084725
1632268800000,40717.22,42396.0,40572.28,42045.79,79.374205
1632283200000,42045.79,42719.78,41823.12,42535.59,56.639169
1632297600000,42535.59,42579.15,41837.52,41913.3,40.345031
1632312000000,41913.3,43270.0,41875.67,43227.14,74.639564
1632326400000,43227.14,43989.99,42839.44,43376.48,77.157205
1632340800000,43376.48,43630.0,42993.91,43514.57,40.66835
1632355200000,43514.57,44123.0,43043.57,44041.0,65.554785
1632369600000,44041.0,44339.97,43678.49,44192.0,50.740398
1632384000000,44192.0,44250.0,43329.51,43598.0,43.473362
1632398400000,43598.0,44200.0,43352.67,43722.42,43.16744
1632412800000,43722.42,44874.95,43570.85,44745.24,56.036135
1632427200000,44745.24,44931.18,44330.0,44811.07,35.233653
1632441600000,44811.07,44936.5,44185.0,44242.41,31.349483
1632456000000,44242.41,45100.99,43828.98,44800.51,51.094201
1632470400000,44800.51,45026.28,40735.01,41542.48,171.513251
1632484800000,41542.48,42665.43,40860.0,41930.63,155.572708
1632499200000,41930.63,42500.0,41750.0,42355.13,28.789362
1632513600000,42355.13,43158.59,42301.92,42804.98,34.586139
1632528000000,42804.98,42944.93,42061.07,42600.01,19.319221
1632542400000,42600.01,42841.0,42213.4,42360.39,34.320742
1632556800000,42360.39,42950.69,41642.65,42468.74,57.336913
1632571200000,42468.74,42727.14,42165.0,42654.27,36.900153
1632585600000,42654.27,42795.95,42335.77,42639.47,31.390662
1632600000000,42639.47,42793.65,42367.9,42665.0,12.543972
1632614400000,42665.0,42719.61,41922.91,42196.81,46.633661
1632628800000,42196.81,42283.28,40767.63,41212.87,76.923133
1632643200000,41212.87,43751.6,41072.07,43068.94,115.334523
1632657600000,43068.94,43430.0,43068.94,43320.0,31.130384
1632672000000,43320.0,43507.04,43053.58,43203.0,21.903697
1632686400000,43203.0,43876.81,42665.43,43127.93,32.617035
1632700800000,43127.93,44285.56,42908.9,43970.41,37.009916
1632715200000,43970.41,44214.69,43616.45,43649.19,48.554138
1632729600000,43649.19,44057.6,43337.21,43714.9,30.128118
1632744000000,43714.9,43999.99,43001.72,43280.11,40.543167
1632758400000,43280.11,43369.38,42827.99,42994.86,34.52373
1632772800000,42994.86,43356.85,42112.08,42149.18,53.262653
1632787200000,42149.18,42602.0,41975.0,42543.52,35.406558
1632801600000,42543.52,42753.37,41646.23,41775.31,46.181831
1632816000000,41775.31,42139.33,41519.95,42120.68,53.490086
1632830400000,42120.68,42562.18,41276.0,41457.08,49.313283
1632844800000,41457.08,41740.01,41102.83,41604.53,33.792604
1632859200000,41604.53,41992.26,40884.38,41028.29,35.979943
1632873600000,41028.29,42226.99,40769.0,42178.85,67.039914
1632888000000,42178.85,42447.0,42000.0,42430.0,47.371688
1632902400000,42430.0,42489.99,42129.77,42398.69,40.115315
1632916800000,42398.69,42577.27,41636.25,41696.56,67.925879
1632931200000,41696.56,41814.1,41039.75,41178.79,44.240741
1632945600000,41178.79,41542.68,40891.4,41512.51,34.53305
1632960000000,41512.51,43686.55,41402.52,43576.16,60.98236
1632974400000,43576.16,43800.0,43216.22,43270.91,41.993381
1632988800000,43270.91,43403.68,42703.41,43036.58,49.690674
1633003200000,43036.58,43729.86,42813.12,43071.35,62.94225
1633017600000,43071.35,44067.0,42780.0,43500.0,65.299959
1633032000000,43500.0,43862.94,43073.68,43801.54,54.356485
1633046400000,43801.54,44019.22,43283.41,43615.19,34.307729
1633060800000,43615.19,44775.08,43447.76,44758.55,70.297245
1633075200000,44758.55,47637.96,44690.48,47433.99,184.985137
1633089600000,47433.99,47763.0,46666.52,47236.95,107.743826
1633104000000,47236.95,48101.0,47133.14,47979.15,62.067237
1633118400000,47979.15,48420.0,47723.08,48114.61,65.724394
1633132800000,48114.61,48216.61,47394.19,47488.0,77.893104
1633147200000,47488.0,47861.63,47400.0,47697.27,29.638148
1633161600000,47697.27,47858.85,47448.42,47644.75,38.579585
1633176000000,47644.75,48252.31,47570.01,47799.31,44.160783
1633190400000,47799.31,48200.0,47598.29,48178.0,49.900125
1633204800000,48178.0,48245.2,47554.69,47641.01,22.950427
1633219200000,47641.01,47950.0,47099.99,47915.0,42.056074
1633233600000,47915.0,48088.0,47814.0,47909.32,29.128901
1633248000000,47909.32,48050.0,47630.78,48000.03,22.034276
1633262400000,48000.03,48159.37,47814.76,47890.32,31.543687
1633276800000,47890.32,49240.0,47848.72,48790.59,81.729414
1633291200000,48790.59,48824.88,47660.0,48200.0,51.231789
1633305600000,48200.0,48259.59,47323.73,47455.97,48.159297
1633320000000,47455.97,47840.0,47246.7,47827.82,54.132108
1633334400000,47827.82,47919.95,47360.48,47574.42,95.507863
1633348800000,47574.42,48467.93,46930.65,47809.28,206.251122
1633363200000,47809.28,49490.0,47700.06,49399.97,273.786655
1633377600000,49399.97,49482.07,48568.53,49245.76,235.838747
1633392000000,49245.76,49785.65,49043.88,49299.65,198.951035
1633406400000,49299.65,49666.2,49093.46,49489.04,151.397785
1633420800000,49489.04,50357.2,49427.83,49865.6,197.2776
1633435200000,49865.6,50342.85,49589.56,49779.44,180.372402
1633449600000,49779.44,51380.0,49672.23,51142.19,140.02701
1633464000000,51142.19,51870.0,51107.01,51473.85,160.235839
1633478400000,51473.85,51600.0,50942.64,51523.49,123.936379
1633492800000,51523.49,51750.86,51209.11,51456.48,113.053548
1633507200000,51456.48,51495.0,50400.0,51310.0,200.993328
1633536000000,55000.0,55113.68,54493.32,55058.07,136.961057
1633550400000,55058.07,55750.0,54818.87,55300.01,151.492022
1633564800000,55300.01,55313.68,54130.66,54828.33,127.312705
1633579200000,54828.33,55232.91,54276.93,54753.24,111.78228
1633593600000,54753.24,54761.58,53816.11,54317.77,168.564039
1633608000000,54317.77,54700.0,53422.04,53911.88,147.038687
1633622400000,53911.88,54331.92,53500.0,54000.31,103.269226
1633636800000,54000.31,54664.94,53650.0,53801.17,116.590246
1633651200000,53801.17,54441.26,53718.46,53824.45,140.518917
1633665600000,53824.45,54903.73,53660.0,54784.36,167.022845
1633680000000,54784.36,56102.37,54746.97,55267.82,160.150002
1633694400000,55267.82,55293.46,54067.69,54361.4,147.273166
1633708800000,54361.4,54699.0,54068.01,54676.52,102.352961
1633723200000,54676.52,54749.0,53790.26,53949.01,107.759342
1633737600000,53949.01,54674.98,53680.01,54546.88,85.829501
1633752000000,54546.88,55103.1,54382.0,54873.01,73.007585
1633766400000,54873.01,55338.88,54491.44,54809.52,151.21838
1633780800000,54809.52,55470.0,54809.52,54991.01,154.902343
1633795200000,54991.01,55104.84,54609.01,54657.52,176.660267
1633809600000,54657.52,55139.98,54350.0,54934.91,141.077245
1633824000000,54934.91,55159.61,54024.15,55062.19,138.023393
1633838400000,55062.19,56069.97,54852.4,55656.37,140.746988
1633852800000,55656.37,55889.0,54750.0,55160.99,176.666216
1633867200000,55160.99,55517.4,54660.64,55381.19,178.552425
1633881600000,55381.19,55503.7,55023.6,55444.01,150.074058
1633896000000,55444.01,56550.0,54379.03,54668.53,235.068723
1633910400000,54668.53,56750.0,54450.0,56506.36,151.150969
1633924800000,56506.36,57014.38,56133.66,56800.0,114.430505
1633939200000,56800.0,56867.97,55872.51,56387.59,122.505504
1633953600000,56387.59,57601.45,56121.02,57472.62,126.20646
1633968000000,57472.62,57800.0,57200.0,57463.0,107.646411
1633982400000,57463.0,57506.99,56802.94,57506.97,115.161888
1633996800000,57506.97,57506.97,56451.27,56665.56,123.317865
1634011200000,56665.56,57631.0,56567.86,57348.19,93.56063
1634025600000,57348.19,57594.3,56679.61,57238.08,104.608879
1634040000000,57238.08,57439.95,56041.11,56315.62,178.775263
1634054400000,56315.62,56367.32,55209.0,55337.99,166.101359
1634068800000,55337.99,56544.07,53950.83,55999.63,185.614781
1634083200000,55999.63,56569.05,55844.21,56276.82,97.5267
1634097600000,56276.82,56362.74,54552.3,54599.67,157.840698
1634112000000,54599.67,55263.58,54253.37,55179.16,150.984595
1634126400000,55179.16,56400.0,54540.0,56120.59,174.182964
1634140800000,56120.59,57270.0,56075.93,57250.0,158.626723
1634155200000,57250.0,57733.52,56606.0,57364.71,168.877629
1634169600000,57364.71,58500.0,57130.01,58055.0,134.545191
1634184000000,58055.0,58162.27,57342.02,57384.02,121.756406
1634198400000,57384.02,58164.12,57222.0,57596.07,102.546476
1634212800000,57596.07,57897.08,56956.49,57326.5,122.362353
1634227200000,57326.5,58031.93,56803.97,57839.99,143.381655
1634241600000,57839.99,57843.51,57205.28,57343.15,67.144656
1634256000000,57343.15,59417.3,56850.01,59395.41,169.710619
1634270400000,59395.41,59969.89,59114.77,59200.0,124.083502
1634284800000,59200.0,59500.0,58713.98,59500.0,93.338459
1634299200000,59500.0,60286.24,59150.01,59939.0,165.512332
1634313600000,59939.0,61818.99,59924.25,61428.61,207.35325
1634328000000,61428.61,62790.0,60741.49,61585.55,246.982481
1634342400000,61585.55,61711.57,61097.32,61609.78,102.341696
1634356800000,61609.78,62300.39,61533.68,61715.35,91.93023
1634371200000,61715.35,62009.99,61318.84,61649.05,78.20507
1634385600000,61649.05,61649.05,60349.33,60917.51,121.817241
1634400000000,60917.51,61154.89,60135.0,60818.56,95.734354
1634414400000,60818.56,61249.99,60485.08,60863.16,65.674568
1634428800000,60863.16,61365.96,60456.87,61103.06,95.24959
1634443200000,61103.06,61217.49,60302.29,60319.83,108.196068
1634457600000,60319.83,61394.59,60295.84,60948.19,117.018849
1634472000000,60948.19,61254.64,60478.39,60720.17,103.131066
1634486400000,60720.17,61040.0,60364.01,60505.12,79.435337
1634500800000,60505.12,61700.37,59000.0,61541.87,221.395465
1634515200000,61541.87,62549.98,61400.0,62112.37,84.638569
1634529600000,62112.37,62600.0,61722.0,61805.59,117.988553
1634544000000,61805.59,62367.91,60567.94,60873.67,223.587363
1634558400000,60873.67,62164.55,59830.3,61942.42,157.507156
1634572800000,61942.42,62301.72,61015.01,61417.94,122.468258
1634587200000,61417.94,62100.0,61097.0,62022.11,88.971336
1634601600000,62022.11,62962.15,61673.11,62600.0,101.739634
1634616000000,62600.0,62767.91,61977.02,62300.8,83.284835
1634630400000,62300.8,62540.49,61762.84,62111.77,95.512244
1634644800000,62111.77,63207.2,61244.06,62370.14,150.04067
1634659200000,62370.14,64235.96,62297.01,64165.37,139.839238
1634673600000,64165.37,64450.0,63657.96,64224.62,109.214131
1634688000000,64224.62,64346.33,63711.74,63821.88,74.298266
1634702400000,63821.88,64150.0,63502.65,63985.14,73.162698
1634716800000,63985.14,64238.28,63709.62,63787.78,54.666919
1634731200000,63787.78,66934.88,63756.42,66823.88,197.481277
1634745600000,66823.88,66875.45,66114.98,66374.94,95.341001
1634760000000,66374.94,66399.43,65500.01,65998.65,115.367464
1634774400000,65998.65,66032.17,64200.0,65070.85,180.288125
1634788800000,65070.85,65247.18,64176.5,65125.25,132.123083
1634803200000,65125.25,66645.39,64259.27,64852.19,175.523964
1634817600000,64852.19,65622.69,62128.53,63029.47,226.384309
1634832000000,63029.47,63659.56,62463.64,62828.36,154.019616
1634846400000,62828.36,63103.99,62077.0,62228.43,150.886863
1634860800000,62228.43,63338.48,62154.06,63215.35,127.672916
1634875200000,63215.35,63361.88,62500.0,63361.88,115.903229
1634889600000,63361.88,63702.34,62886.2,63357.29,97.779624
1634904000000,63357.29,63678.24,60500.0,60661.86,291.457319
1634918400000,60661.86,61390.39,60011.11,61008.69,193.000847
1634932800000,61008.69,61170.45,60140.94,60719.0,98.943582
1634947200000,60719.0,61288.5,60497.9,61223.73,81.98039
1634961600000,61223.73,61554.98,60716.37,60912.84,109.788154
1634976000000,60912.84,61677.98,59700.0,61531.75,145.625261
1634990400000,61531.75,61704.21,60720.0,61413.47,79.344287
1635004800000,61413.47,61579.99,60923.75,61000.0,67.276617
1635019200000,61000.0,61468.75,60817.24,61314.15,69.805422
1635033600000,61314.15,61490.02,60842.03,61217.68,56.8373
1635048000000,61217.68,61233.06,60585.31,60708.48,60.837726
1635062400000,60708.48,61279.29,60207.17,60291.08,93.323491
1635076800000,60291.08,60816.74,59700.0,59915.85,169.039322
1635091200000,59915.85,60744.52,59508.0,60744.52,97.577845
1635105600000,60744.52,61350.89,60588.43,60873.54,98.001578
1635120000000,60873.54,62248.78,60668.56,62159.57,86.947929
1635134400000,62159.57,62911.19,61795.0,62664.93,77.820828
1635148800000,62664.93,63192.06,62502.03,62753.79,90.200818
1635163200000,62753.79,63626.31,62590.09,63604.66,115.294163
1635177600000,63604.66,63709.8,62659.42,62662.59,84.830311
1635192000000,62662.59,63254.18,62533.05,63078.41,72.811199
1635206400000,63078.41,63300.0,62611.1,62777.44,44.06995
1635220800000,62777.44,62781.16,62209.51,62426.98,78.426416
1635235200000,62426.98,63085.22,62426.98,62752.21,48.455391
1635249600000,62752.21,62877.04,61836.0,62530.43,96.416238
1635264000000,62530.43,62698.0,61872.0,61969.1,62.146538
1635278400000,61969.1,62260.0,59900.0,60292.0,212.344741
1635292800000,60292.0,60829.24,60143.92,60705.43,63.423321
1635307200000,60705.43,61434.44,59910.01,59933.79,157.014157
1635321600000,59933.79,59933.79,58051.0,58576.55,243.888158
1635336000000,58576.55,59416.88,58300.0,58825.78,99.355538
1635350400000,58825.78,59190.21,58174.57,59081.31,144.916093
1635364800000,59081.31,59560.23,58434.59,58485.76,187.994604
1635379200000,58485.76,59157.39,58146.86,58840.75,118.008777
1635393600000,58840.75,59234.6,58701.58,58999.59,103.67637
1635408000000,58999.59,61221.6,58981.47,60923.96,103.00152
1635422400000,60923.96,61753.77,60841.09,61152.5,81.601389
1635436800000,61152.5,61461.0,57948.02,61387.24,175.689581
1635451200000,61387.24,62500.0,60304.93,60566.68,102.619687
1635465600000,60566.68,62037.6,60200.0,61606.54,50.249222
1635480000000,61606.54,61663.24,60336.21,60526.5,73.743936
1635494400000,60526.5,61344.42,60355.38,60920.08,53.962734
1635508800000,60920.08,62477.41,60704.18,62282.99,93.998669
1635523200000,62282.99,62935.25,61900.0,62503.21,66.374539
1635537600000,62503.21,62659.2,62030.82,62250.71,42.055372
1635552000000,62250.71,62340.07,61608.98,61644.18,27.81561
1635566400000,61644.18,61891.11,61280.0,61545.91,23.91
1635580800000,61545.91,61950.16,61050.0,61559.91,27.931766
1635595200000,61559.91,62169.16,60686.29,61339.98,65.89286
1635609600000,61339.98,61751.39,61024.84,61699.92,33.08546
1635624000000,61699.92,61944.14,61144.37,61793.47,37.030034
1635638400000,61793.47,62352.92,61535.1,61645.05,23.426202
1635652800000,61645.05,61688.05,61060.01,61312.91,32.2764
1635667200000,61312.91,61341.86,60270.0,60410.19,55.768529
1635681600000,60410.19,60737.18,60000.0,60468.25,52.491699
1635696000000,60468.25,60835.49,60179.37,60598.96,67.590173
1635710400000,60598.96,61553.75,60470.02,61241.16,29.535113
1635724800000,61241.16,61654.61,59660.97,59870.57,54.617707
1635739200000,59870.57,62281.12,59439.77,62130.23,57.232721
1635753600000,62130.23,62378.38,61624.03,61763.22,37.599466
1635768000000,61763.22,62155.37,61280.49,61499.93,40.838075
1635782400000,61499.93,61503.61,60322.0,61424.13,40.762337
1635796800000,61424.13,61424.13,60389.42,60839.3,50.449965
1635811200000,60839.3,61504.39,60577.52,61047.27,51.563416
1635825600000,61047.27,61800.0,61023.94,61479.09,39.992941
1635840000000,61479.09,63528.61,61321.13,62906.83,116.659367
1635854400000,62906.83,64270.92,62899.49,63994.2,83.857053
1635868800000,63994.2,64224.56,63200.01,63533.08,74.001606
1635883200000,63533.08,63545.51,62591.61,63182.5,50.846434
1635897600000,63182.5,63482.1,62723.91,63199.99,42.5705
1635912000000,63199.99,63483.12,62709.69,63370.24,41.022957
1635926400000,63370.24,63385.12,62870.0,63111.79,40.072959
1635940800000,63111.79,63129.99,61588.94,62157.16,108.084655
1635955200000,62157.16,63322.11,60373.11,62782.9,124.722409
1635969600000,62782.9,63194.17,62703.46,62899.86,57.450913
1635984000000,62899.86,63088.61,62200.0,62420.86,37.852003
1635998400000,62420.86,62830.25,61832.82,61837.94,48.238527
1636012800000,61837.94,62309.09,61242.02,61429.82,63.009202
1636027200000,61429.82,62344.28,60764.45,61014.99,64.074529
1636041600000,61014.99,61349.99,60676.02,61223.55,54.960217
1636056000000,61223.55,61531.26,60993.45,61382.1,23.097291
1636070400000,61382.1,62329.19,60800.0,62202.41,42.511657
1636084800000,62202.41,62566.94,61878.0,62128.44,44.329908
1636099200000,62128.44,62211.27,61158.85,61233.27,66.799099
1636113600000,61233.27,61889.09,60681.51,60755.94,90.005126
1636128000000,60755.94,61354.36,60697.68,61107.45,56.647091
1636142400000,61107.45,61312.68,60732.15,60947.75,36.28301
1636156800000,60947.75,61256.79,60826.28,61093.4,31.104705
1636171200000,61093.4,61550.78,60435.19,60706.03,114.406223
1636185600000,60706.03,61260.14,60055.01,60268.14,63.907595
1636200000000,60268.14,60690.8,60007.19,60576.88,62.334921
1636214400000,60576.88,61135.21,60361.7,61134.68,41.240159
1636228800000,61134.68,61448.11,61071.48,61428.16,35.753999
1636243200000,61428.16,62269.03,61300.03,62111.64,49.819928
1636257600000,62111.64,62250.0,61682.53,61732.3,23.197289
1636272000000,61732.3,62312.91,61465.34,61881.93,50.854939
1636286400000,61881.93,62098.33,61680.27,61917.23,44.770795
1636300800000,61917.23,62469.6,61910.08,62238.18,43.781964
1636315200000,62238.18,63254.16,62145.86,63239.98,62.468193
1636329600000,63239.98,65603.7,63239.98,65174.28,135.141677
1636344000000,65174.28,66300.0,65024.54,65900.92,113.974199
1636358400000,65900.92,66331.31,65573.3,65988.02,103.678102
1636372800000,65988.02,66436.88,65161.82,66344.53,96.146047
1636387200000,66344.53,66484.0,65737.57,65801.02,49.620461
1636401600000,65801.02,67728.2,65552.26,67465.37,131.223372
1636430400000,68424.0,68441.08,67535.55,67742.6,106.800861
1636444800000,67742.6,68065.1,67217.2,67445.48,107.889916
1636459200000,67445.48,67997.74,66546.28,66644.99,150.924954
1636473600000,66644.99,67138.46,66150.0,66767.0,92.456796
1636488000000,66767.0,67757.77,66637.22,66893.63,75.74923
1636502400000,66893.63,67322.21,66342.74,66460.86,70.338442
1636516800000,66460.86,66692.02,66216.66,66393.3,52.354056
1636531200000,66393.3,67047.05,66325.65,66539.49,54.506773
1636545600000,66539.49,68967.21,65955.0,68311.13,223.616104
1636560000000,68311.13,68720.06,66530.89,66600.0,140.183671
1636574400000,66600.0,66979.49,62870.02,64892.02,365.448055
1636588800000,64892.02,65022.88,64100.0,64717.98,106.084385
1636603200000,64717.98,65361.8,64385.2,65203.44,71.076601
1636617600000,65203.44,65549.99,64542.8,65220.55,79.143182
1636632000000,65220.55,65419.9,64400.0,64757.14,126.06194
1636646400000,64757.14,65201.88,64506.56,65041.41,57.909064
1636660800000,65041.41,65259.09,64677.18,64719.44,61.418337
1636675200000,64719.44,65367.6,64022.01,64794.25,79.633686
1636689600000,64794.25,65030.33,64185.67,64421.3,67.148193
1636704000000,64421.3,64900.0,63500.0,63746.63,153.856352
1636718400000,63746.63,64176.31,62929.0,63160.74,156.93493
1636732800000,63160.74,64100.35,62304.06,63874.43,122.297205
1636747200000,63874.43,64496.97,63709.03,64114.27,53.701859
1636761600000,64114.27,64425.33,63593.72,63780.38,46.710198
1636776000000,63780.38,64110.65,63522.9,64014.94,30.431276
1636790400000,64014.94,64085.24,63333.93,63551.91,30.600439
1636804800000,63551.91,64798.0,63421.6,64637.05,78.792193
1636819200000,64637.05,64916.63,63820.99,63901.19,75.10758
1636833600000,63901.19,64515.97,63887.61,64365.7,46.560836
1636848000000,64365.7,65279.99,64365.7,64625.78,51.482773
1636862400000,64625.78,65128.95,64446.41,64603.46,56.124617
1636876800000,64603.46,64770.94,64044.04,64454.11,64.406476
1636891200000,64454.11,64786.02,64002.26,64073.97,78.401299
1636905600000,64073.97,64387.28,63594.01,64137.59,86.784475
1636920000000,64137.59,65498.64,64008.17,65475.82,78.004538
1636934400000,65475.82,66168.47,65465.78,65733.7,101.772897
1636948800000,65733.7,65884.44,65489.17,65533.15,56.737127
1636963200000,65533.15,66293.41,65232.93,65690.0,76.313367
1636977600000,65690.0,65899.99,64175.73,64271.85,118.888073
1636992000000,64271.85,64397.6,63610.8,64216.99,140.813724
1637006400000,64216.99,64216.99,63381.57,63569.18,75.21182
1637020800000,63569.18,63569.18,60457.01,60907.25,335.380394
1637035200000,60907.25,61535.01,60326.0,60801.09,184.518215
1637049600000,60801.09,61290.33,58568.65,60569.0,379.395125
1637064000000,60569.0,61385.99,60033.36,60687.57,183.984055
1637078400000,60687.57,60903.14,59755.53,60222.3,139.298635
1637092800000,60222.3,61118.69,59124.44,60104.47,136.573426
1637107200000,60104.47,60402.02,58555.55,59019.24,129.776057
1637121600000,59019.24,60099.99,58624.78,59671.32,172.750541
1637136000000,59671.32,60757.07,58352.31,60757.07,223.388372
1637150400000,60757.07,60757.07,59363.79,59624.57,138.520507
1637164800000,59624.57,60589.05,59415.17,60155.96,106.994477
1637179200000,60155.96,60486.1,59577.9,60300.53,98.549861
1637193600000,60300.53,60876.3,59840.0,59840.0,137.416068
1637208000000,59840.0,60044.23,59500.0,59722.56,129.037222
1637222400000,59722.56,59912.41,58947.29,59125.25,160.491696
1637236800000,59125.25,59852.51,57700.52,58062.95,267.036925
1637251200000,58062.95,58466.62,56581.42,57915.47,264.864588
1637265600000,57915.47,58468.43,56505.0,56930.86,144.078597
1637280000000,56930.86,57515.24,55637.6,55920.45,237.303787
1637294400000,55920.45,56539.99,55856.27,56013.77,127.237822
1637308800000,56013.77,57478.26,56013.77,57031.12,132.162307
1637323200000,57031.12,58182.76,56748.56,57904.61,181.576555
1637337600000,57904.61,58345.34,57744.0,58085.92,96.059005
1637352000000,58085.92,58140.0,57586.27,58081.7,61.589504
1637366400000,58081.7,58960.0,57987.56,58550.13,110.796508
1637380800000,58550.13,58821.21,58274.25,58412.79,54.213179
1637395200000,58412.79,58759.3,58330.19,58628.66,53.036018
1637409600000,58628.66,58832.31,57536.0,57600.82,94.406126
1637424000000,57600.82,59608.96,57399.0,59415.11,115.667196
1637438400000,59415.11,59844.27,59316.33,59696.54,57.721515
1637452800000,59696.54,59742.78,58570.53,58678.36,66.172126
1637467200000,58678.36,59238.44,58583.45,58999.98,60.206655
1637481600000,58999.98,59340.92,58544.02,58710.42,111.767005
1637496000000,58710.42,59271.91,58672.08,59219.52,115.662308
1637510400000,59219.52,60000.0,59136.0,59300.46,97.150021
1637524800000,59300.46,59657.71,58560.02,58658.24,86.049782
1637539200000,58658.24,58742.79,57018.88,57391.85,138.105391
1637553600000,57391.85,57751.15,56813.09,57287.78,93.424132
1637568000000,57287.78,57839.79,57004.51,57186.77,88.374101
1637582400000,57186.77,59398.99,56590.01,58177.2,181.389654
1637596800000,58177.2,58225.62,55815.74,55932.87,181.714392
1637611200000,55932.87,56713.08,55625.01,56274.98,139.957968
1637625600000,56274.98,57263.77,55963.82,56985.05,199.795859
1637640000000,56985.05,57064.46,55888.0,56068.92,45.923529
1637654400000,56068.92,57980.0,55378.73,56112.49,200.848871
1637668800000,56112.49,57771.22,56112.49,56899.49,96.131234
1637683200000,56899.49,57857.61,56899.49,57829.74,129.958717
1637697600000,57829.74,57857.61,57352.28,57571.52,56.816773
1637712000000,57571.52,57742.92,56174.0,56404.69,95.720012
1637726400000,56404.69,56779.49,56259.54,56513.12,54.971142
1637740800000,56513.12,57415.75,56360.0,56632.83,45.388277
1637755200000,56632.83,57150.0,55904.28,56755.1,87.86803
1637769600000,56755.1,57123.9,56500.0,56845.23,99.815091
1637784000000,56845.23,57470.0,56742.02,57165.63,121.127979
1637798400000,57165.63,58281.84,57129.61,57720.0,125.438034
1637812800000,57720.0,57795.73,57000.0,57643.99,88.287599
1637827200000,57643.99,58464.03,57337.28,57986.4,94.39673
1637841600000,57986.4,59105.3,57899.89,59032.26,118.332167
1637856000000,59032.26,59378.73,58669.22,58842.42,71.336792
1637870400000,58842.42,59277.32,58508.3,58874.68,64.399572
1637884800000,58874.68,59124.89,57870.0,57902.74,119.961551
1637899200000,57902.74,57997.46,56648.58,56950.97,105.202268
1637913600000,56950.97,56950.97,53692.31,53730.27,605.109496
1637928000000,53730.27,54869.99,53500.0,54351.05,299.178604
1637942400000,54351.05,54653.69,53961.07,54332.79,113.415882
1637956800000,54332.79,54572.33,53523.06,53730.45,110.990224
1637971200000,53730.45,54616.68,53636.89,54377.07,98.360318
1637985600000,54377.07,54599.98,54229.84,54403.89,61.51013
1638000000000,54403.89,55279.63,54330.97,54612.62,79.531418
1638014400000,54612.62,55217.48,54501.87,54911.23,88.406265
1638028800000,54911.23,55200.18,54661.53,54935.43,64.26048
1638043200000,54935.43,55050.0,54005.44,54748.69,88.833219
1638057600000,54748.69,54819.99,53696.18,54100.0,117.856429
1638072000000,54100.0,54602.57,53935.11,54525.2,59.888817
1638086400000,54525.2,54931.0,54141.4,54486.0,58.940078
1638100800000,54486.0,54626.64,54048.19,54286.08,72.092704
1638115200000,54286.08,54950.0,53272.61,54614.86,169.768599
1638129600000,54614.86,57419.85,54614.86,57276.97,240.918256
1638144000000,57276.97,58228.96,57131.12,57330.88,150.271409
1638158400000,57330.88,57657.86,57194.28,57495.03,67.498369
1638172800000,57495.03,57592.21,56681.05,56865.99,90.390479
1638187200000,56865.99,57464.96,56831.8,57112.33,110.310485
1638201600000,57112.33,58818.26,57003.16,57833.58,207.377823
1638216000000,57833.58,58378.36,57683.08,57749.68,71.191509
1638230400000,57749.68,57953.88,56796.0,57077.34,123.577153
1638244800000,57077.34,57246.81,55898.52,56466.68,168.015685
1638259200000,56466.68,57689.83,56251.56,57580.64,131.145197
1638273600000,57580.64,59160.16,57198.84,57198.84,230.850781
1638288000000,57198.84,58326.09,56480.22,57587.91,233.716408
1638302400000,57587.91,57760.23,56738.64,56891.82,106.294528
1638316800000,56891.82,57667.42,56640.25,57352.35,111.894629
1638331200000,57352.35,57386.31,56636.21,57047.82,127.094501
1638345600000,57047.82,57757.55,56688.34,57109.88,150.440253
1638360000000,57109.88,58727.99,56925.29,58560.22,235.58501
1638374400000,58560.22,58937.15,56947.38,57378.0,239.533615
1638388800000,57378.0,57421.53,56435.68,57171.49,159.561442
1638403200000,57171.49,57338.94,55755.58,56292.06,142.846709
1638417600000,56292.06,56932.4,56201.65,56768.02,95.327186
1638432000000,56768.02,57144.4,56046.33,56298.22,152.859365
1638446400000,56298.22,57326.37,55975.35,56455.75,191.353807
1638460800000,56455.75,56890.95,55986.29,56582.07,119.029039
1638475200000,56582.07,57169.6,56335.84,56452.9,104.807282
1638489600000,56452.9,56716.37,56049.04,56262.99,129.060057
1638504000000,56262.99,56982.23,56206.18,56678.04,109.740046
1638518400000,56678.04,57285.0,56401.78,56957.0,152.917787
1638532800000,56957.0,57550.0,55715.99,55929.2,225.215313
1638547200000,55929.2,55929.2,53728.01,53828.29,352.990412
1638561600000,53828.29,54047.69,51662.51,53650.0,446.401204
1638576000000,53650.0,53850.19,51984.46,51994.29,153.652933
1638590400000,51994.29,52604.9,42356.01,47240.92,846.829924
1638604800000,47240.92,47922.0,46188.29,46547.56,445.068095
1638619200000,46547.56,48575.16,46547.56,48242.19,300.681636
1638633600000,48242.19,49470.0,47800.03,49328.1,477.386606
1638648000000,49328.1,49498.99,48551.35,49202.39,347.646879
1638662400000,49202.39,49719.62,48391.29,49206.42,203.79315
1638676800000,49206.42,49670.01,48850.01,49308.28,126.590649
1638691200000,49308.28,49555.44,48749.54,49203.63,134.038139
1638705600000,49203.63,49600.0,47750.0,47941.92,355.158799
1638720000000,47941.92,49326.14,47900.04,48897.21,224.85504
1638734400000,48897.21,49500.0,48506.49,49371.16,184.791403
1638748800000,49371.16,49423.64,48284.9,49000.0,197.102831
1638763200000,49000.0,49234.5,47730.53,48379.69,145.201495
1638777600000,48379.69,49370.0,47070.0,48537.38,392.106996
1638792000000,48537.38,48931.24,47807.67,48931.24,277.466731
1638806400000,48931.24,49333.14,48639.32,49063.03,173.176453
1638820800000,49063.03,50848.55,48743.98,50446.86,227.463995
1638835200000,50446.86,51350.0,50304.96,50905.28,228.257383
1638849600000,50905.28,51301.72,50796.32,50901.6,134.830981
1638864000000,50901.6,51501.15,50827.14,51456.19,153.215625
1638878400000,51456.19,51899.24,50624.79,51676.96,251.803039
1638892800000,51676.96,51825.42,50680.0,50870.84,179.872241
1638907200000,50870.84,50994.83,50017.12,50573.81,175.519713
1638921600000,50573.81,50785.88,50091.15,50114.53,126.604496
1638936000000,50114.53,50691.02,50070.01,50467.88,117.775758
1638950400000,50467.88,50614.92,48835.74,49182.41,205.89893
1638964800000,49182.41,51195.24,48600.0,50630.09,234.793364
1638979200000,50630.09,50839.9,50071.67,50420.64,115.135551
1638993600000,50420.64,50844.11,50080.83,50438.98,81.424976
1639008000000,50438.98,50765.97,49432.29,49521.23,147.790378
1639022400000,49521.23,50324.83,49214.5,50010.72,100.596163
1639036800000,50010.72,50014.95,48900.56,49178.99,164.045728
1639051200000,49178.99,49590.92,48100.01,48478.74,199.507953
1639065600000,48478.74,48845.14,47501.01,47639.42,177.001102
1639080000000,47639.42,48450.69,47340.74,47578.87,186.960019
1639094400000,47578.87,48789.25,47474.22,48391.44,170.538327
1639108800000,48391.44,48584.22,47565.09,47655.04,153.716378
1639123200000,47655.04,48727.06,47627.61,48707.93,143.979061
1639137600000,48707.93,50069.0,47741.08,47942.55,365.374378
1639152000000,47942.55,48300.0,47251.0,48102.94,248.523639
1639166400000,48102.94,48500.0,46904.44,47185.58,179.513841
1639180800000,47185.58,48651.56,46780.0,48318.3,185.845786
1639195200000,48318.3,48879.39,47810.27,48057.01,134.315751
1639209600000,48057.01,48889.0,47880.53,48241.48,88.651927
1639224000000,48241.48,48898.99,48189.0,48760.0,82.038885
1639238400000,48760.0,49270.0,48399.02,48407.28,79.852922
1639252800000,48407.28,49486.18,48404.44,49363.33,67.373049
1639267200000,49363.33,49669.77,49026.91,49315.15,78.266255
1639281600000,49315.15,49358.41,48830.16,49319.58,66.565697
1639296000000,49319.58,49381.8,48664.25,49157.99,114.999256
1639324800000,49626.44,50778.0,49513.09,50196.25,179.918795
1639339200000,50196.25,50522.5,49873.84,50068.01,78.382879
1639353600000,50068.01,50175.57,48461.47,48854.78,180.146816
1639368000000,48854.78,49315.79,48619.73,48733.0,128.483685
1639382400000,48733.0,49188.85,48123.45,48861.83,147.538415
1639396800000,48861.83,49015.32,47015.0,47253.86,298.921245
1639411200000,47253.86,47930.59,45782.44,46721.6,425.551116
1639425600000,46721.6,47317.02,46251.36,46692.89,219.930118
1639440000000,46692.89,47213.69,46294.56,46956.68,166.165905
1639454400000,46956.68,47183.35,46325.0,46971.77,130.916025
1639468800000,46971.77,47757.09,46795.44,47610.28,176.688193
1639483200000,47610.28,47952.34,46627.13,46842.38,195.657349
1639497600000,46842.38,47134.56,46450.1,46837.91,141.941053
1639512000000,46837.91,48646.96,46837.91,48361.9,197.57914
1639526400000,48361.9,48751.69,47862.7,48260.37,182.312756
1639540800000,48260.37,48429.04,47930.02,48210.05,153.462198
1639555200000,48210.05,48759.95,48085.85,48146.32,146.339453
1639569600000,48146.32,48299.98,46601.0,46639.63,256.482288
1639584000000,46639.63,49261.07,46553.63,48653.32,435.415431
1639598400000,48653.32,49473.92,48541.28,48864.41,238.826618
1639612800000,48864.41,49250.0,48730.68,48833.75,104.676221
1639627200000,48833.75,49014.01,48504.3,48731.75,104.462063
1639641600000,48731.75,49432.45,48622.15,49192.21,118.525386
1639656000000,49192.21,49249.81,48285.28,48596.96,185.885449
1639670400000,48596.96,48694.56,47700.0,47899.61,108.29187
1639684800000,47899.61,48395.1,47536.12,47635.25,56.69741
1639699200000,47635.25,48003.49,47428.01,47781.69,46.792963
1639713600000,47781.69,47982.1,46776.11,47030.54,109.134427
1639728000000,47030.54,47299.99,46782.21,47119.99,112.79804
1639742400000,47119.99,47357.25,45486.65,46522.77,214.912579
1639756800000,46522.77,47453.67,46438.5,46761.0,221.98068
1639771200000,46761.0,47078.06,45573.45,46176.1,179.533975
1639785600000,46176.1,46528.38,45510.91,46334.67,182.645592
1639800000000,46334.67,46861.63,46085.79,46379.43,88.463268
1639814400000,46379.43,47340.29,46210.66,47082.45,88.997613
1639828800000,47082.45,47208.05,46591.85,46862.77,105.656441
1639843200000,46862.77,46989.22,46340.55,46622.81,60.81268
1639857600000,46622.81,47102.21,46540.78,46849.19,54.240738
1639872000000,46849.19,47985.18,46437.15,47722.99,209.196361
1639886400000,47722.99,48066.42,47428.11,47507.06,130.929007
1639900800000,47507.06,47618.96,46805.18,47131.26,110.786595
1639915200000,47131.26,48304.83,46885.54,47211.96,197.183362
1639929600000,47211.96,47468.12,46589.46,46634.32,57.091379
1639944000000,46634.32,47546.55,46495.61,46681.75,153.330236
1639958400000,46681.75,47196.23,46239.36,46692.76,141.182838
1639972800000,46692.76,47031.18,46122.43,46442.01,112.57077
1639987200000,46442.01,46557.23,45776.24,46077.92,139.134189
1640001600000,46077.92,46306.0,45566.01,45970.73,160.723087
1640016000000,45970.73,46693.42,45880.0,46590.76,94.388798
1640030400000,46590.76,47500.0,46590.76,46910.34,96.947326
1640044800000,46910.34,48076.38,46651.17,47932.89,101.00914
1640059200000,47932.89,48806.53,47932.89,48543.5,341.225799
1640073600000,48543.5,49003.21,48431.39,48876.46,147.339651
1640088000000,48876.46,49318.01,48277.47,48412.46,333.774513
1640102400000,48412.46,48832.04,48314.36,48605.57,70.200151
1640116800000,48605.57,49288.87,48463.73,48901.71,78.920559
1640131200000,48901.71,49554.0,48604.0,49245.29,131.976363
1640145600000,49245.29,49335.59,48922.97,49226.2,157.955691
1640160000000,49226.2,49534.14,48850.0,48978.39,131.058023
1640174400000,48978.39,49113.71,48421.5,48891.94,162.677058
1640188800000,48891.94,49231.48,48501.01,48912.58,123.683643
1640203200000,48912.58,49138.7,48550.01,48596.73,104.185999
1640217600000,48596.73,48724.86,48031.06,48515.98,118.917401
1640232000000,48515.98,48567.52,48050.0,48119.48,125.273487
1640246400000,48119.48,48526.58,48065.25,48367.39,68.288596
1640260800000,48367.39,48853.53,48330.36,48820.01,152.242554
1640275200000,48820.01,51345.67,48674.28,51117.21,631.83472
1640289600000,51117.21,51161.87,50535.49,50787.05,355.833971
1640304000000,50787.05,51506.85,50649.02,51026.86,299.980811
1640318400000,51026.86,51144.15,50746.22,50999.99,77.914871
1640332800000,50999.99,51480.0,50872.64,50993.76,236.99449
1640347200000,50993.76,51230.86,50415.59,50949.04,258.114252
1640361600000,50949.04,51822.46,50745.69,51118.74,332.212293
1640376000000,51118.74,51217.08,50490.19,50811.54,317.738802
1640390400000,50811.54,51118.31,50600.25,50814.69,192.737739
1640404800000,50814.69,51081.35,50657.73,50920.52,208.288158
1640419200000,50920.52,50993.26,50551.65,50667.96,205.524833
1640433600000,50667.96,50931.87,50641.7,50650.01,168.828946
1640448000000,50650.01,51127.04,50189.0,50903.47,379.819355
1640462400000,50903.47,51075.72,50350.01,50404.25,291.897769
1640476800000,50404.25,50666.95,49625.27,49663.61,323.392234
1640491200000,49663.61,49966.03,49620.96,49934.52,95.578299
1640505600000,49934.52,50171.55,49420.41,49754.61,193.843391
1640520000000,49754.61,50256.47,49658.45,50047.03,131.581777
1640534400000,50047.03,50455.18,50033.25,50352.65,135.935116
1640548800000,50352.65,51266.53,49916.83,50771.79,326.989426
1640563200000,50771.79,51120.05,50469.73,51004.57,301.151851
1640577600000,51004.57,51091.85,50655.46,50693.05,246.05933
1640592000000,50693.05,50900.0,50500.0,50760.53,185.744967
1640606400000,50760.53,51679.42,50580.04,51441.61,421.314437
1640620800000,51441.61,52072.17,51200.0,51200.0,399.662131
1640635200000,51200.0,51353.69,50625.49,50674.5,327.583404
1640649600000,50674.5,50697.77,49522.67,49833.36,657.066768
1640664000000,49833.36,49833.36,48686.05,49259.17,610.845522
1640678400000,49259.17,49460.49,48801.01,49219.47,604.299903
1640692800000,49219.47,49395.26,48300.0,48967.77,579.801611
1640707200000,48967.77,48992.71,47325.65,47730.89,991.358588
1640721600000,47730.89,48059.01,47356.61,47540.0,513.720945
1640736000000,47540.0,48152.43,47464.03,48016.41,380.563417
1640750400000,48016.41,48068.47,47535.76,47569.37,277.956237
1640764800000,47569.37,48092.38,47419.84,47732.52,462.539206
1640779200000,47732.52,48033.12,46602.46,47971.19,740.117982
1640793600000,47971.19,48050.59,47041.45,47159.19,436.278354
1640808000000,47159.19,47716.21,46086.15,46479.27,531.603857
1640822400000,46479.27,46847.87,45959.84,46500.69,458.668228
1640836800000,46500.69,47120.03,46500.02,47000.0,201.645099
1640851200000,47000.0,47578.47,46707.11,47527.61,113.988447
1640865600000,47527.61,47734.3,47121.13,47152.55,232.579432
1640880000000,47152.55,47907.73,47103.88,47567.12,244.376416
1640894400000,47567.12,47684.67,46744.15,47117.73,244.732484
1640908800000,47117.73,47400.0,46823.86,47210.01,351.55711
1640923200000,47210.01,47550.5,46832.35,47175.06,277.447233
1640937600000,47175.06,48587.71,47082.19,47984.34,449.899129
1640952000000,47984.34,48164.37,47854.32,47946.71,229.521345
1640966400000,47946.71,48109.34,45683.51,45717.67,421.574497
1640980800000,45717.67,46568.19,45668.58,46198.56,230.621546
1640995200000,46198.56,46944.6,46198.56,46814.07,243.949224
1641009600000,46814.07,47544.29,46629.43,47213.8,248.093729
1641024000000,47213.8,47333.59,46720.97,46756.46,245.918892
1641038400000,46756.46,47470.0,46756.46,47217.89,130.673553
1641052800000,47217.89,47949.99,47203.8,47333.2,204.808615
1641067200000,47333.2,47802.98,47229.23,47729.81,194.405824
1641081600000,47729.81,47754.69,47268.52,47323.52,223.579774
1641096000000,47323.52,47417.4,46775.4,47173.11,213.791541
1641110400000,47173.11,47460.0,46971.39,47229.23,164.579322
1641124800000,47229.23,47439.63,47004.44,47340.51,215.137402
1641139200000,47340.51,47974.43,46666.0,46922.91,229.781723
1641153600000,46922.91,47466.72,46820.15,47286.53,120.24451
1641168000000,47286.53,47289.37,46731.27,46793.75,225.474
1641182400000,46793.75,47195.91,46750.34,47068.89,154.278408
1641196800000,47068.89,47460.26,46773.97,47376.67,243.238381
1641211200000,47376.67,47569.18,46612.44,46683.78,235.891658
1641225600000,46683.78,46804.66,46285.08,46384.48,249.348595
1641240000000,46384.48,46570.79,45727.44,46450.57,222.812976
1641254400000,46450.57,46535.49,45956.18,46344.77,181.869356
1641268800000,46344.77,46573.7,46019.2,46549.99,179.526003
1641283200000,46549.99,46773.52,46291.7,46733.57,223.973849
1641297600000,46733.57,47517.97,46430.87,46893.14,177.497046
1641312000000,46893.14,46968.74,45572.35,46041.84,197.587725
1641326400000,46041.84,46412.93,45763.03,45828.49,199.576538
1641340800000,45828.49,46546.34,45722.0,46424.18,212.805936
1641355200000,46424.18,46520.25,46243.63,46405.95,129.493046
1641369600000,46405.95,47045.55,46028.01,46192.61,287.185675
1641384000000,46192.61,46803.58,45885.42,46617.32,282.749008
1641398400000,46617.32,46667.71,44500.0,44687.22,296.739968
1641412800000,44687.22,44825.35,42518.73,43419.31,473.66069
1641427200000,43419.31,43782.71,42825.99,42839.45,291.82805
1641441600000,42839.45,43276.56,42598.0,43251.52,171.378163
1641456000000,43251.52,43270.06,42434.63,42855.92,176.427215
1641470400000,42855.92,43235.21,42640.91,42946.87,404.118468
1641484800000,42946.87,43500.0,42762.33,43441.6,415.372353
1641499200000,43441.6,43585.0,43009.99,43097.54,288.666992
1641513600000,43097.54,43140.22,41600.0,41821.35,355.955668
1641528000000,41821.35,41967.87,41020.01,41723.22,316.088188
1641542400000,41723.22,42744.63,41632.01,42255.78,246.752448
1641556800000,42255.78,42747.71,40625.0,41324.93,556.453342
1641571200000,41324.93,42293.65,40944.08,41748.41,326.609351
1641585600000,41748.41,42053.92,41354.47,41550.0,98.27828
1641600000000,41550.0,42251.49,41550.0,41791.56,126.027772
1641614400000,41791.56,41999.45,41737.3,41939.42,57.003061
1641628800000,41939.42,42188.21,41771.15,41940.09,76.920249
1641643200000,41940.09,42053.49,41468.57,41615.06,120.332381
1641657600000,41615.06,41722.75,40521.62,40803.42,219.136908
1641672000000,40803.42,42300.0,40719.65,41676.13,132.508989
1641686400000,41676.13,42186.64,41383.48,41828.53,113.814763
1641700800000,41828.53,42097.79,41669.86,41792.72,40.265839
1641715200000,41792.72,41959.94,41407.16,41875.49,96.582696
1641729600000,41875.49,41928.98,41215.49,41627.39,129.2451
1641744000000,41627.39,42719.77,41568.79,42694.0,154.612223
1641758400000,42694.0,42775.7,41762.0,41855.61,118.987684
1641772800000,41855.61,42034.03,41595.45,41972.93,85.743155
1641787200000,41972.93,42239.21,41829.12,42049.92,68.567676
1641801600000,42049.92,42103.51,41463.21,41549.99,120.858477
1641816000000,41549.99,41603.14,39655.01,40997.09,657.21284
1641830400000,40997.09,42141.34,40578.8,41264.96,362.093915
1641844800000,41264.96,41977.19,41175.59,41819.2,94.844357
1641859200000,41819.2,42383.44,41546.24,42267.16,139.403136
1641873600000,42267.16,42347.37,41975.93,42210.74,85.715263
1641888000000,42210.74,42600.0,41580.09,41830.22,170.800758
1641902400000,41830.22,42249.99,41261.08,41729.67,195.150361
1641916800000,41729.67,43091.27,41681.78,42982.93,490.774348
1641931200000,42982.93,43107.79,42613.39,42725.58,167.592489
1641945600000,42725.58,42964.73,42450.0,42594.75,91.94628
1641960000000,42594.75,42851.26,42470.99,42562.67,77.372428
1641974400000,42562.67,43421.0,42511.42,42935.15,170.035702
1641988800000,42935.15,44062.05,42877.35,43547.31,468.260592
1642003200000,43547.31,43886.05,43330.0,43744.31,219.543419
1642017600000,43744.31,44291.32,43635.41,43907.95,199.600929
1642032000000,43907.95,44040.42,43428.0,43508.28,123.011651
1642046400000,43508.28,43798.08,43488.57,43701.17,73.545092
1642060800000,43701.17,44012.75,43520.11,43606.81,96.640084
1642075200000,43606.81,44414.76,42873.02,43194.72,308.012293
1642089600000,43194.72,43465.57,42531.07,42693.42,255.830006
1642104000000,42693.42,42891.69,42312.4,42570.32,152.37471
1642118400000,42570.32,42785.1,42373.82,42635.08,121.093876
1642132800000,42635.08,42968.48,42596.29,42631.11,138.90775
1642147200000,42631.11,42689.99,41830.79,42007.74,247.716618
1642161600000,42007.74,43315.42,41761.01,43082.18,402.430348
1642176000000,43082.18,43400.58,42776.01,43092.28,128.335931
1642190400000,43092.28,43443.07,43002.76,43067.32,81.746451
