1d_timestamp,1d_open,1d_high,1d_low,1d_close,1d_volume
1627776000000,41447.67,42566.0,39462.33,39851.08,140.451913
1627862400000,39851.08,40452.47,38691.0,39144.91,143.550949
1627948800000,39144.91,39771.94,37661.2,38210.87,120.750935
1628035200000,38210.87,39955.86,37551.94,39738.46,126.630748
1628121600000,39738.46,41353.0,37348.85,40864.26,215.362454
1628208000000,40864.26,43367.66,39900.01,42831.88,158.525493
1628294400000,42831.88,44705.58,42500.0,44578.65,237.590431
1628380800000,44578.65,45281.85,43296.16,43807.74,191.475897
1628467200000,43807.74,46466.92,42820.94,46285.33,240.183492
1628553600000,46285.33,46750.0,44650.0,45585.67,176.307778
1628640000000,45585.67,46595.92,45349.31,45543.0,136.428802
1628726400000,45543.0,46207.82,43790.8,44412.0,170.489342
1628812800000,44412.0,47865.28,44243.99,47807.6,158.11131
1628899200000,47807.6,48107.0,46029.73,47037.53,192.779991
1628985600000,47037.53,47336.25,45507.0,46979.44,139.139401
1629072000000,46979.44,48016.54,45657.69,45913.29,207.229123
1629158400000,45913.29,47138.09,44412.0,44676.76,211.227177
1629244800000,44676.76,45930.0,44218.24,44635.35,227.924747
1629331200000,44635.35,47001.35,43950.0,46753.83,230.822202
1629417600000,46753.83,49338.0,46629.54,49301.43,260.425931
1629504000000,49301.43,49731.15,48171.57,48772.59,132.869856
1629590400000,48772.59,49506.7,48074.56,49223.35,132.608239
1629676800000,49223.35,50424.0,49022.0,49519.22,229.063926
1629763200000,49519.22,49790.14,47525.41,47671.53,215.420646
1629849600000,47671.53,49245.14,47120.0,48996.42,205.688869
1629936000000,48996.42,49344.29,46323.43,46822.44,176.035044
1630022400000,46822.44,49089.0,46338.71,49037.99,179.847809
1630108800000,49037.99,49257.4,48352.9,48884.84,147.818635
1630195200000,48884.84,49614.36,47800.0,48756.58,125.332522
1630281600000,48756.58,48873.18,46864.01,46986.26,177.492634
1630368000000,46986.26,48200.0,46700.0,47103.33,274.37544
1630454400000,47103.33,49059.99,46500.0,48783.19,179.998962
1630540800000,48783.19,50326.95,48558.75,49231.18,292.562294
1630627200000,49231.18,50987.0,48358.37,49973.87,313.834521
1630713600000,49973.87,50550.0,49400.0,49919.82,186.580609
1630800000000,49919.82,51836.71,49485.03,51726.73,231.26447
1630886400000,51726.73,52662.73,50963.72,52586.77,257.346181
1630972800000,52586.77,52818.37,43000.0,46729.2,645.126118
1631059200000,46729.2,47299.87,44436.94,46014.25,407.756328
1631145600000,46014.25,47338.87,45508.88,46358.44,288.664531
1631232000000,46358.44,46998.0,44150.0,44830.7,369.397501
1631318400000,44830.7,45943.71,44727.84,45131.32,289.418999
1631404800000,45131.32,46377.51,44713.09,45986.0,254.371103
1631491200000,45986.0,46782.0,43381.99,44910.13,476.493014
1631577600000,44910.13,47233.76,44590.01,47100.0,340.498618
1631664000000,47100.0,48444.0,46686.86,48128.25,302.601632
1631750400000,48128.25,48470.0,47020.51,47729.93,262.464978
1631836800000,47729.93,48142.22,46750.01,47290.58,227.556339
1631923200000,47290.58,48773.78,47058.1,48272.38,185.709749
1632009600000,48272.38,48328.8,46864.83,47252.31,180.834669
1632096000000,47252.31,47338.82,42523.37,43049.82,531.465973
1632182400000,43049.82,43600.3,39632.1,40717.22,768.442768
1632268800000,40717.22,43989.99,40572.28,43514.57,368.823524
1632355200000,43514.57,44931.18,43043.57,44811.07,294.205773
1632441600000,44811.07,45100.99,40735.01,42804.98,472.905144
1632528000000,42804.98,42950.69,41642.65,42665.0,191.811663
1632614400000,42665.0,43876.81,40767.63,43127.93,324.542433
1632700800000,43127.93,44285.56,42112.08,42149.18,244.021722
1632787200000,42149.18,42753.37,40884.38,41028.29,254.164305
1632873600000,41028.29,42577.27,40769.0,41512.51,301.226587
1632960000000,41512.51,44067.0,41402.52,43801.54,335.265109
1633046400000,43801.54,48420.0,43283.41,48114.61,525.125568
1633132800000,48114.61,48252.31,47394.19,47641.01,263.122172
1633219200000,47641.01,49240.0,47099.99,48200.0,257.724141
1633305600000,48200.0,49490.0,46930.65,49245.76,913.675792
1633392000000,49245.76,51870.0,49043.88,51473.85,1028.261671
1633478400000,51473.85,55750.0,50400.0,55300.01,1100.045644
1633564800000,55300.01,55313.68,53422.04,53801.17,774.557183
1633651200000,53801.17,56102.37,53660.0,53949.01,825.077233
1633737600000,53949.01,55470.0,53680.01,54934.91,782.695321
1633824000000,54934.91,56550.0,54024.15,54668.53,1019.131803
1633910400000,54668.53,57800.0,54450.0,57506.97,737.101737
1633996800000,57506.97,57631.0,53950.83,55999.63,851.978777
1634083200000,55999.63,57733.52,54253.37,57364.71,908.039309
1634169600000,57364.71,58500.0,56803.97,57343.15,691.736737
1634256000000,57343.15,62790.0,56850.01,61585.55,1006.980643
1634342400000,61585.55,62300.39,60135.0,60863.16,555.703159
1634428800000,60863.16,61700.37,59000.0,61541.87,724.426375
1634515200000,61541.87,62600.0,59830.3,62022.11,795.161235
1634601600000,62022.11,64450.0,61244.06,64224.62,679.630752
1634688000000,64224.62,66934.88,63502.65,65998.65,610.317625
1634774400000,65998.65,66645.39,62077.0,62228.43,1019.22596
1634860800000,62228.43,63702.34,60011.11,60719.0,924.757517
1634947200000,60719.0,61704.21,59700.0,61314.15,553.820131
1635033600000,61314.15,61490.02,59508.0,60873.54,575.617262
1635120000000,60873.54,63709.8,60668.56,63078.41,527.905248
1635206400000,63078.41,63300.0,59900.0,60292.0,541.859274
1635292800000,60292.0,61434.44,58051.0,58485.76,896.591871
1635379200000,58485.76,62500.0,57948.02,60566.68,684.597324
1635465600000,60566.68,62935.25,60200.0,62250.71,380.384472
1635552000000,62250.71,62340.07,60686.29,61793.47,215.66573
1635638400000,61793.47,62352.92,60000.0,61241.16,261.088116
1635724800000,61241.16,62378.38,59439.77,60839.3,281.500271
1635811200000,60839.3,64270.92,60577.52,63182.5,416.920817
1635897600000,63182.5,63483.12,60373.11,62899.86,413.924393
1635984000000,62899.86,63088.61,60676.02,61382.1,291.231769
1636070400000,61382.1,62566.94,60681.51,60947.75,336.575891
1636156800000,60947.75,61550.78,60007.19,61428.16,348.747602
1636243200000,61428.16,63254.16,61300.03,63239.98,274.893108
1636329600000,63239.98,67728.2,63239.98,67465.37,629.783858
1636416000000,67465.37,68469.98,66150.0,66893.63,643.383138
1636502400000,66893.63,68967.21,62870.02,64892.02,906.447101
1636588800000,64892.02,65549.99,64100.0,64719.44,501.693509
1636675200000,64719.44,65367.6,62304.06,64114.27,633.572225
1636761600000,64114.27,64916.63,63333.93,64365.7,308.202522
1636848000000,64365.7,65498.64,63594.01,65475.82,415.204178
1636934400000,65475.82,66293.41,63381.57,63569.18,569.737008
1637020800000,63569.18,63569.18,58568.65,60104.47,1359.14985
1637107200000,60104.47,60757.07,58352.31,60300.53,869.979815
1637193600000,60300.53,60876.3,56505.0,56930.86,1102.925096
1637280000000,56930.86,58345.34,55637.6,58081.7,835.92898
1637366400000,58081.7,59844.27,57399.0,59696.54,485.840542
1637452800000,59696.54,60000.0,58544.02,58658.24,537.007897
1637539200000,58658.24,59398.99,55625.01,56274.98,822.965638
1637625600000,56274.98,57980.0,55378.73,57571.52,729.474983
1637712000000,57571.52,57742.92,55904.28,57165.63,504.890531
1637798400000,57165.63,59378.73,57000.0,58874.68,562.190894
1637884800000,58874.68,59124.89,53500.0,53730.45,1353.858025
1637971200000,53730.45,55279.63,53636.89,54748.69,480.90183
1638057600000,54748.69,57419.85,53272.61,57276.97,719.464883
1638144000000,57276.97,58818.26,56681.05,57749.68,697.040074
1638230400000,57749.68,59160.16,55898.52,56891.82,993.599752
1638316800000,56891.82,58937.15,56435.68,57171.49,1024.10945
1638403200000,57171.49,57338.94,55755.58,56452.9,806.223388
1638489600000,56452.9,57550.0,51662.51,53650.0,1416.324819
1638576000000,53650.0,53850.19,42356.01,49202.39,2571.266073
1638662400000,49202.39,49719.62,47750.0,49371.16,1229.22718
1638748800000,49371.16,50848.55,47070.0,50446.86,1412.518501
1638835200000,50446.86,51899.24,50017.12,50573.81,1123.498982
1638921600000,50573.81,51195.24,48600.0,50438.98,881.633075
1639008000000,50438.98,50765.97,47340.74,47578.87,975.901343
1639094400000,47578.87,50069.0,46904.44,47185.58,1261.645624
1639180800000,47185.58,49486.18,46780.0,49363.33,638.07832
1639267200000,49363.33,50778.0,48664.25,50068.01,633.368056
1639353600000,50068.01,50175.57,45782.44,46692.89,1400.571395
1639440000000,46692.89,48646.96,46294.56,48361.9,1008.947665
1639526400000,48361.9,49473.92,46553.63,48864.41,1412.838744
1639612800000,48864.41,49432.45,47536.12,47635.25,678.538399
1639699200000,47635.25,48003.49,45486.65,46176.1,885.152664
1639785600000,46176.1,47340.29,45510.91,46849.19,580.816332
1639872000000,46849.19,48304.83,46437.15,46681.75,858.51694
1639958400000,46681.75,47500.0,45566.01,46910.34,744.947008
1640044800000,46910.34,49318.01,46651.17,48901.71,1072.469813
1640131200000,48901.71,49554.0,48421.5,48596.73,811.536777
1640217600000,48596.73,51345.67,48031.06,50787.05,1452.390729
1640304000000,50787.05,51822.46,50415.59,50811.54,1522.955519
1640390400000,50811.54,51127.04,50189.0,50404.25,1447.0968
1640476800000,50404.25,51266.53,49420.41,50771.79,1207.320243
1640563200000,50771.79,52072.17,50469.73,50674.5,1881.51612
1640649600000,50674.5,50697.77,47325.65,47540.0,3957.093337
1640736000000,47540.0,48152.43,46086.15,46479.27,2829.059053
1640822400000,46479.27,47907.73,45959.84,47117.73,1495.990106
1640908800000,47117.73,48587.71,45668.58,46198.56,1960.62086
1640995200000,46198.56,47949.99,46198.56,47729.81,1267.849837
1641081600000,47729.81,47974.43,46666.0,47286.53,1167.114272
1641168000000,47286.53,47569.18,45727.44,46450.57,1331.044018
1641254400000,46450.57,47517.97,45572.35,45828.49,1160.030517
1641340800000,45828.49,47045.55,42518.73,43419.31,1682.634323
1641427200000,43419.31,43782.71,42434.63,43097.54,1747.791241
1641513600000,43097.54,43140.22,40625.0,41550.0,1900.137277
1641600000000,41550.0,42300.0,40521.62,41676.13,731.92936
1641686400000,41676.13,42775.7,41215.49,41855.61,653.508305
1641772800000,41855.61,42239.21,39655.01,41819.2,1389.32042
1641859200000,41819.2,43107.79,41261.08,42725.58,1249.436355
1641945600000,42725.58,44291.32,42450.0,43907.95,1226.75935
1642032000000,43907.95,44414.76,42312.4,42570.32,1009.413836
1642118400000,42570.32,43443.07,41761.01,43067.32,1120.230974
1642204800000,43067.32,43791.34,42550.01,43070.0,673.455636
1642291200000,43070.0,43477.37,42600.0,43080.24,567.618805
1642377600000,43080.24,43177.52,41545.35,42203.61,836.904092
1642464000000,42203.61,42666.35,41287.08,42361.25,1107.802138
1642550400000,42361.25,42550.44,41139.25,41650.45,1275.558558
1642636800000,41650.45,43499.98,40580.0,40700.0,1344.186273
1642723200000,40700.0,41104.67,35457.0,36443.48,2916.074421
1642809600000,36443.48,36831.94,34021.01,35047.73,2151.268584
1642896000000,35047.73,36499.0,34629.61,36266.26,786.486142
1642982400000,36266.26,37540.2,32961.52,36667.55,2523.80255
1643068800000,36667.55,37529.98,35715.71,36953.45,1121.807029
1643155200000,36953.45,38903.48,36256.91,36817.96,1467.601021
1643241600000,36817.96,37213.11,35513.34,37200.09,1301.609684
1643328000000,37200.09,37990.0,36163.56,37711.78,1308.561533
1643414400000,37711.78,38749.93,37310.0,38148.85,835.429182
1643500800000,38148.85,38377.14,37360.14,37944.21,652.494489
1643587200000,37944.21,38768.13,36655.0,38454.49,1422.541491
1643673600000,38454.49,39274.99,37978.46,38697.45,1304.355036
1643760000000,38697.45,38858.16,36606.09,36898.91,1242.965677
1643846400000,36898.91,37421.07,36244.75,37306.64,993.738339
1643932800000,37306.64,41703.3,37032.29,41549.33,1715.620839
1644019200000,41549.33,41900.0,40933.97,41369.52,1092.79674
1644105600000,41369.52,42669.98,41124.86,42377.65,696.826581
1644192000000,42377.65,44480.0,41653.86,43823.01,1820.65264
1644278400000,43823.01,45470.0,42666.0,44027.52,2091.155938
1644364800000,44027.52,44799.1,43117.81,44374.57,1849.159864
1644451200000,44374.57,45799.0,43200.0,43486.15,2615.52904
1644537600000,43486.15,43913.02,41962.86,42373.25,2183.277402
1644624000000,42373.25,42990.12,41737.59,42208.29,702.23933
1644710400000,42208.29,42750.0,41871.01,42051.54,739.292748
1644796800000,42051.54,42842.48,41560.66,42532.78,1529.84663
1644883200000,42532.78,44747.61,42415.05,44537.97,1535.568549
1644969600000,44537.97,44545.13,43279.2,43852.75,1082.940949
1645142400000,40538.28,40950.03,39437.16,39969.71,1500.174704
1645228800000,39969.71,40447.35,39642.04,40091.28,571.37656
1645315200000,40091.28,40112.35,38000.0,38379.6,922.334473
1645401600000,38379.6,39478.12,36788.93,37001.54,2358.966791
1645488000000,37001.54,38419.12,36334.18,38242.38,1837.647049
1645574400000,38242.38,39250.0,37033.48,37222.66,1422.586624
1645660800000,37222.66,39790.0,34311.12,38320.27,3447.056833
1645747200000,38320.27,39682.36,38027.31,39199.35,1619.855918
1645833600000,39199.35,40315.83,38581.0,39104.76,768.381481
1645920000000,39104.76,39858.29,37000.0,37662.03,1313.542721
1646006400000,37662.03,44225.71,37436.93,43178.53,2420.552195
1646092800000,43178.53,44978.55,42834.83,44409.75,1932.448519
1646179200000,44409.75,45338.18,43324.95,43900.44,1591.960403
1646265600000,43900.44,44083.33,41843.94,42467.63,1968.83472
1646352000000,42467.63,42517.19,38522.16,39147.92,4275.329252
1646438400000,39147.92,39601.47,38583.33,39394.11,1587.088609
1646524800000,39394.11,39676.68,38100.0,38387.97,1866.601568
1646611200000,38387.97,39542.38,37155.76,38005.14,3747.458097
1646697600000,38005.14,39368.73,37875.76,38725.35,4207.607882
1646784000000,38725.35,42582.09,38659.83,41941.57,5195.569327
1646870400000,41941.57,42038.48,38529.8,39415.0,6351.181082
1646956800000,39415.0,40232.46,38232.65,38727.01,6369.021624
1647043200000,38727.01,39542.69,38664.14,38795.01,1564.304705
1647129600000,38795.01,39310.76,37580.92,37773.52,1921.267244
1647216000000,37773.52,39930.82,37565.23,39667.58,3231.016435
1647302400000,39667.58,39895.0,38125.01,39275.96,3961.579503
1647388800000,39275.96,41709.99,38825.0,41107.77,7634.908714
1647475200000,41107.77,41460.51,40504.02,40912.43,3865.493959
1647561600000,40912.43,42320.0,40139.64,41751.44,4819.982049
1647648000000,41751.44,42395.24,41500.01,42194.5,4224.352244
1647734400000,42194.5,42283.45,40913.58,41256.06,4742.313777
1647820800000,41256.06,41544.49,40500.0,41000.0,6019.878851
1647907200000,41000.0,43381.59,40870.2,42357.83,6023.188605
1647993600000,42357.83,43025.01,41754.82,42891.39,5052.833905
1648080000000,42891.39,44221.99,42611.0,43991.52,5874.522961
1648166400000,43991.52,45110.0,43566.97,44306.33,4156.157818
1648252800000,44306.33,44796.58,44070.01,44514.73,1638.552355
1648339200000,44514.73,47000.0,44427.28,46841.13,2750.776459
1648425600000,46841.13,48187.75,46651.05,47127.99,2660.701221
1648512000000,47127.99,48100.0,46929.53,47433.63,2492.874291
1648598400000,47433.63,47696.43,46494.49,47057.17,1768.404498
1648684800000,47057.17,47607.91,45201.34,45513.51,2145.493353
1648771200000,45513.51,46700.0,44214.81,46279.92,3274.689283
1648857600000,46279.92,47197.96,45610.0,45806.21,2310.471212
1648944000000,45806.21,47435.89,45529.0,46418.31,1728.474965
1649030400000,46418.31,46884.61,45096.75,46590.38,2421.453932
1649116800000,46590.38,47195.58,45337.27,45488.93,4180.822815
1649203200000,45488.93,45508.0,43114.09,43175.09,5004.900674
1649289600000,43175.09,43898.97,42740.02,43447.67,3904.959633
1649376000000,43447.67,43971.91,42100.0,42276.04,4031.901687
1649462400000,42276.04,42800.68,42117.01,42746.05,1906.673752
1649548800000,42746.05,43413.6,41880.0,42151.82,2338.760482
1649635200000,42151.82,42409.85,39180.89,39524.11,7883.472062
1649721600000,39524.11,40699.99,39254.47,40067.1,5197.294158
1649808000000,40067.1,41544.57,39580.7,41138.2,2367.863126
1649894400000,41138.2,41490.73,39557.21,39953.53,1398.007652
1649980800000,39953.53,40861.03,39770.86,40554.93,1120.824172
1650067200000,40554.93,40700.0,39997.37,40375.27,852.607043
1650153600000,40375.27,40595.68,39545.46,39686.18,1083.408195
1650240000000,39686.18,41099.8,38539.14,40797.06,2537.006852
1650326400000,40797.06,41764.88,40569.1,41495.27,1866.683213
1650412800000,41495.27,42200.0,40828.57,41356.04,2470.742783
1650499200000,41356.04,42972.47,39750.0,40484.32,6185.689675
1650585600000,40484.32,40798.43,39180.01,39707.22,6811.386482
1650672000000,39707.22,39973.36,39284.77,39437.61,1708.01893
1650758400000,39437.61,39935.02,38936.48,39456.9,2177.7658
1650844800000,39456.9,40612.23,38170.08,40421.83,3931.544588
1650931200000,40421.83,40787.31,37700.0,38121.28,3692.110369
1651017600000,38121.28,39473.0,37882.28,39229.08,3118.480004
1651104000000,39229.08,40377.66,38882.55,39746.88,3908.02964
1651190400000,39746.88,39921.54,38170.01,38595.03,3547.86361
1651276800000,38595.03,38791.11,37564.58,37626.05,1811.462904
1651363200000,37626.05,38669.99,37380.0,38471.49,2345.71255
1651449600000,38471.49,39169.0,38052.17,38523.67,3732.689841
1651536000000,38523.67,38763.79,37521.0,37730.95,3148.108898
1651622400000,37730.95,40032.79,37665.29,39695.33,4581.912607
1651708800000,39695.33,39845.4,35555.0,36554.26,6317.969126
1651795200000,36554.26,36669.99,35250.0,36018.37,5322.39094
1651881600000,36018.37,36139.47,34776.02,35468.77,2483.667472
1651968000000,35468.77,35515.96,33701.01,34046.76,5493.031855
1652054400000,34046.76,34256.4,30039.1,30089.17,11160.06441
1652140800000,30089.17,32649.95,29715.0,31018.89,17749.795868
1652227200000,31018.89,32171.0,27788.23,29128.67,27073.998443
1652313600000,29128.67,30227.63,26782.62,29028.65,15939.769669
1652400000000,29028.65,31068.85,28767.0,29274.21,13941.603105
1652486400000,29274.21,30337.04,28633.86,30082.12,6374.426643
1652572800000,30082.12,31455.81,29478.31,31330.65,3639.209214
1652659200000,31330.65,31330.65,29099.39,29867.1,4410.288309
1652745600000,29867.1,30790.41,29445.13,30442.84,3824.546615
1652832000000,30442.84,30715.0,28647.25,28705.6,4927.373222
1652918400000,28705.6,30541.94,28690.76,30316.49,4791.165154
1653004800000,30316.49,30776.48,28724.0,29205.79,4957.85513
1653091200000,29205.79,29655.16,28944.48,29446.83,2145.712133
1653177600000,29446.83,30487.79,29256.53,30288.62,2656.815386
1653264000000,30288.62,30665.34,28867.03,29112.15,3554.517291
1653350400000,29112.15,29885.57,28660.01,29658.72,3531.407874
1653436800000,29658.72,30224.13,29335.22,29545.39,3822.92207
1653523200000,29545.39,29883.01,28003.34,29194.55,5434.694468
1653609600000,29194.55,29393.92,28283.52,28625.97,5165.858865
1653696000000,28625.97,29257.6,28523.28,29028.45,1854.96237
1653782400000,29028.45,29595.99,28843.73,29467.99,1518.044894
1653868800000,29467.99,32228.0,29309.47,31730.87,5648.767868
1653955200000,31730.87,32397.99,31225.04,31801.46,4328.982311
1654041600000,31801.46,31981.63,29327.9,29809.48,5878.726513
1654128000000,29809.48,30700.0,29592.63,30458.67,5089.941368
1654214400000,30458.67,30694.28,29270.31,29704.54,4900.604434
1654300800000,29704.54,29982.9,29487.74,29870.86,1730.122207
1654387200000,29870.86,30236.63,29536.68,29920.8,1896.65778
1654473600000,29920.8,31758.79,29888.88,31371.82,5637.268622
1654560000000,31371.82,31581.05,29215.38,31123.41,5147.798745
1654646400000,31123.41,31320.36,29845.96,30202.58,4243.88759
1654732800000,30202.58,30699.99,29946.99,30102.09,2757.744506
1654819200000,30102.09,30364.1,28855.01,29088.69,4727.357949
1654905600000,29088.69,29437.91,28101.02,28422.39,2510.072893
1654992000000,28422.39,28545.35,26559.85,26578.02,4344.944837
1655078400000,26578.02,26886.83,21937.0,22485.59,15390.382143
1655164800000,22485.59,23369.09,20866.01,22150.09,11397.304219
1655251200000,22150.09,22804.62,20104.5,22582.72,15644.531862
1655337600000,22582.72,23000.0,20232.0,20401.2,6345.42068
1655424000000,20401.2,21370.59,20241.09,20464.85,4804.557857
1655510400000,20464.85,20777.27,17625.01,18980.4,8872.652904
1655596800000,18980.4,20810.93,17954.64,20574.08,9324.588665
1655683200000,20574.08,21074.19,19641.65,20576.55,6298.740617
1655769600000,20576.55,21716.66,20345.35,20725.4,5093.787906
1655856000000,20725.4,20894.99,19767.27,19991.52,5426.243686
1655942400000,19991.52,21238.41,19886.33,21110.97,6015.907672
1656028800000,21110.97,21559.28,20739.57,21238.42,5205.770651
1656115200000,21238.42,21607.65,20907.81,21491.37,2895.776098
1656201600000,21491.37,21882.23,20971.28,21038.91,2253.067899
1656288000000,21038.91,21546.11,20518.04,20739.51,3322.170719
1656374400000,20739.51,21212.5,20203.59,20280.4,4104.845203
1656460800000,20280.4,20433.99,19851.4,20126.0,4940.97315
1656547200000,20126.0,20171.76,18625.0,19947.96,9464.0304
1656633600000,19947.96,20926.71,18966.84,19281.8,9540.546032
1656720000000,19281.8,19447.74,18981.0,19251.74,2966.433388
1656806400000,19251.74,19648.13,18780.37,19315.27,2883.062387
1656892800000,19315.27,20359.68,19053.02,20237.99,5016.41958
1656979200000,20237.99,20747.06,19300.0,20174.35,6946.697845
1657065600000,20174.35,20670.93,19765.75,20564.05,5210.425243
1657152000000,20564.05,21836.89,20250.0,21618.7,5862.289343
1657238400000,21618.7,22526.36,21183.18,21593.13,6770.345943
1657324800000,21593.13,21994.72,21323.05,21590.24,2508.779821
1657411200000,21590.24,21606.48,20639.57,20861.22,2728.357746
1657497600000,20861.22,20861.48,19880.0,19962.69,3387.391808
1657584000000,19962.69,20058.76,19249.3,19332.71,4684.517703
1657670400000,19332.71,20359.99,18911.04,20239.13,7839.893743
1657756800000,20239.13,20895.32,19625.76,20591.15,5756.575476
1657843200000,20591.15,21200.0,20383.34,20832.45,4373.489352
1657929600000,20832.45,21582.47,20473.64,21196.23,3138.949522
1658016000000,21196.23,21674.99,20755.72,20801.77,3033.067026
1658102400000,20801.77,22768.06,20764.1,22440.0,5617.596898
1658188800000,22440.0,23797.85,21581.99,23398.06,6696.447694
1658275200000,23398.06,24265.89,22919.4,23219.63,7007.354487
1658361600000,23219.63,23427.84,22345.85,23147.78,4741.754297
1658448000000,23147.78,23747.99,22506.0,22687.01,3585.480719
1658534400000,22687.01,22997.15,21945.31,22452.4,2405.627435
1658620800000,22452.4,23007.64,22262.75,22581.53,2032.943388
1658707200000,22581.53,22663.05,21254.9,21312.66,3573.508141
1658793600000,21312.66,21342.32,20710.36,21248.22,3067.313524
1658880000000,21248.22,23100.0,21042.46,22950.43,4708.315569
1658966400000,22950.43,24192.14,22577.19,23845.75,4912.810414
1659052800000,23845.75,24439.72,23427.6,23775.76,4283.444472
1659139200000,23775.76,24668.16,23512.92,23638.03,3430.733782
1659225600000,23638.03,24190.45,23233.94,23305.12,2132.808173
1659312000000,23305.12,23499.48,22852.3,23265.44,2259.666522
1659398400000,23265.44,23450.0,22657.2,22978.1,2698.984857
1659484800000,22978.1,23638.46,22685.78,22819.37,2076.332526
1659571200000,22819.37,23217.02,22404.72,22617.74,2278.79047
1659657600000,22617.74,23475.53,22591.61,23308.31,2485.564815
1659744000000,23308.31,23346.86,22910.01,22951.2,985.864994
1659830400000,22951.2,23396.97,22850.0,23177.58,890.846902
1659916800000,23177.58,24240.6,23159.87,23815.45,2284.475576
1660003200000,23815.45,23926.69,22875.0,23150.39,1956.630895
1660089600000,23150.39,24221.92,22664.06,23952.14,3440.139455
1660176000000,23952.14,24920.0,23857.13,23935.04,3553.309597
1660262400000,23935.04,24449.69,23589.76,24395.19,1689.441486
1660348800000,24395.19,24880.13,24299.94,24437.66,1464.78086
1660435200000,24437.66,25040.0,24150.0,24303.56,1550.748524
1660521600000,24303.56,25204.62,23772.42,24095.41,2639.302276
1660608000000,24095.41,24241.85,23678.49,23859.05,1700.267786
1660694400000,23859.05,24440.71,23187.51,23335.92,2494.748623
1660780800000,23335.92,23594.7,23097.68,23187.3,1689.865001
1660867200000,23187.3,23199.37,20785.07,20827.96,5178.872814
1660953600000,20827.96,21370.11,20768.12,21137.82,2911.976528
1661040000000,21137.82,21783.45,21068.22,21516.52,1931.580462
1661126400000,21516.52,21540.0,20899.33,21399.3,2556.736212
1661212800000,21399.3,21678.55,20895.01,21519.02,2314.974876
1661299200000,21519.02,21897.64,21154.25,21366.01,1822.516966
1661385600000,21366.01,21811.0,21312.51,21563.81,1602.992599
1661472000000,21563.81,21868.78,20115.0,20244.11,4770.011922
1661558400000,20244.11,20371.8,19799.0,20043.3,2887.359237
1661644800000,20043.3,20158.75,19526.89,19555.66,1754.10149
1661731200000,19555.66,20427.41,19553.08,20293.48,2705.206325
1661817600000,20293.48,20574.55,19541.52,19811.52,2888.176734
1661904000000,19811.52,20494.03,19801.94,20051.21,2059.097645
1661990400000,20051.21,20203.29,19568.0,20133.28,2278.576658
1662076800000,20133.28,20434.07,19760.0,19955.34,2980.69022
1662163200000,19955.34,20049.0,19657.01,19833.16,934.81972
1662249600000,19833.16,20023.7,19591.01,20001.27,1272.552372
1662336000000,20001.27,20057.44,19640.66,19794.78,1486.096903
1662508800000,18789.67,19462.01,18525.51,19291.68,10226.076906
1662595200000,19291.68,19458.29,19015.1,19317.14,9319.062746
1662681600000,19317.14,21629.15,19291.51,21364.44,15658.380313
1662768000000,21364.44,21806.64,21116.39,21645.83,10141.894331
1662854400000,21645.83,21865.56,21344.7,21823.17,10159.162556
1662940800000,21823.17,22484.14,21545.45,22394.49,12758.906423
1663027200000,22394.49,22800.35,19872.68,20172.78,17393.000722
1663113600000,20172.78,20533.32,19623.37,20224.55,10286.717736
1663200000000,20224.55,20328.84,19500.0,19700.98,15309.748898
1663286400000,19700.98,19890.0,19335.0,19807.09,10869.969724
1663372800000,19807.09,20186.41,19745.41,20112.0,7160.104206
1663459200000,20112.0,20117.19,19335.26,19416.95,10339.976038
1663545600000,19416.95,19685.0,18252.0,19535.58,19308.471492
1663632000000,19535.58,19634.8,18725.0,18875.72,14739.245334
1663718400000,18875.72,19973.62,18137.44,18459.81,25010.862661
1663804800000,18459.81,19528.59,18359.11,19397.79,31107.745864
1663891200000,19397.79,19500.0,18533.32,19287.95,25769.583002
1663977600000,19287.95,19312.49,18806.0,18918.62,12318.194941
1664064000000,18918.62,19185.45,18631.69,18806.85,10335.961544
1664150400000,18806.85,19317.06,18681.23,19225.7,21738.984522
1664236800000,19225.7,20383.48,18812.6,19076.02,38366.885709
1664323200000,19076.02,19776.68,18468.11,19413.5,33819.821532
1664409600000,19413.5,19643.92,18842.36,19591.57,18815.481989
1664496000000,19591.57,20181.4,19154.67,19421.9,15431.264253
1664582400000,19421.9,19483.3,19161.74,19311.15,6395.494739
1664668800000,19311.15,19395.76,18921.46,19058.81,8467.058583
1664755200000,19058.81,19714.24,18962.08,19628.05,13583.105197
1664841600000,19628.05,20460.0,19493.08,20337.71,15544.788295
1664928000000,20337.71,20361.59,19736.83,20161.1,15353.507211
1665014400000,20161.1,20455.04,19852.61,19961.77,25944.180175
1665100800000,19961.77,20065.44,19321.58,19527.0,25607.60881
1665187200000,19527.0,19626.0,19241.0,19414.41,7997.482918
1665273600000,19414.41,19555.2,19317.13,19438.5,5824.71266
1665360000000,19438.5,19526.01,19022.0,19130.45,11979.126899
1665446400000,19130.45,19267.33,18857.12,19058.0,10645.539935
1665532800000,19058.0,19240.0,18960.68,19154.93,9170.645859
1665619200000,19154.93,19507.0,18160.47,19374.98,26318.981601
1665705600000,19374.98,19950.57,19074.3,19175.68,19061.936727
1665792000000,19175.68,19226.0,18980.0,19071.34,4578.572454
1665878400000,19071.34,19424.73,19066.01,19264.83,5464.351201
1665964800000,19264.83,19677.4,19155.58,19550.15,13401.406119
1666051200000,19550.15,19704.7,19093.64,19328.0,19851.650147
1666137600000,19328.0,19359.37,19074.6,19123.0,11681.708963
1666224000000,19123.0,19343.0,18905.83,19043.65,14041.432194
1666310400000,19043.65,19249.92,18662.0,19163.1,14718.208714
1666396800000,19163.1,19261.01,19112.9,19202.45,2702.929723
1666483200000,19202.45,19695.0,19069.51,19569.0,8009.080534
1666569600000,19569.0,19600.5,19156.01,19331.0,13895.97603
1666656000000,19331.0,20419.12,19238.66,20081.22,24286.253374
1666742400000,20081.22,21018.0,20048.64,20769.66,31839.081583
1666828800000,20769.66,20873.28,20200.0,20295.32,24295.889726
1666915200000,20295.32,20750.0,20000.0,20591.65,23718.493897
1667001600000,20591.65,21082.91,20553.23,20808.44,11562.027673
1667088000000,20808.44,20932.0,20514.0,20627.18,7798.174637
1667174400000,20627.18,20841.61,20237.18,20491.17,15871.511441
1667260800000,20491.17,20695.0,20330.35,20483.43,13586.383872
1667347200000,20483.43,20799.0,20058.97,20151.84,16151.3772
1667433600000,20151.84,20393.52,20029.42,20209.59,8708.091138
1667520000000,20209.59,21300.0,20182.04,21143.84,22757.053147
1667606400000,21143.84,21480.0,21080.27,21298.28,10124.972758
1667692800000,21298.28,21366.0,20887.3,20908.35,9006.331751
1667779200000,20908.35,21070.71,20384.44,20589.55,18547.591297
1667865600000,20589.55,20679.66,17531.0,18545.0,49190.843966
1667952000000,18545.0,18587.78,15530.0,15910.69,48135.871722
1668038400000,15910.69,18150.0,15736.68,17600.05,29581.719845
1668124800000,17600.05,17692.14,16364.0,17058.81,31012.732996
1668211200000,17058.81,17110.0,16636.1,16814.0,7572.216075
1668297600000,16814.0,16951.5,16235.01,16340.57,6378.291943
1668384000000,16340.57,17188.88,15825.88,16620.26,17927.973339
1668470400000,16620.26,17123.0,16527.0,16894.5,12374.208004
1668556800000,16894.5,17016.66,16380.0,16658.23,8494.660744
1668643200000,16658.23,16747.96,16415.56,16692.1,4668.039281
1668729600000,16692.1,16991.0,16542.42,16696.97,4773.828947
1668816000000,16696.97,16817.48,16552.99,16695.81,2030.627192
1668902400000,16695.81,16749.18,16183.73,16278.35,3915.650168
1668988800000,16278.35,16318.32,15484.34,15782.91,6534.772374
1669075200000,15782.91,16302.26,15622.5,16222.53,9184.816177
1669161600000,16222.53,16700.0,16159.01,16603.73,8032.858835
1669248000000,16603.73,16808.9,16457.92,16598.08,5154.478213
1669334400000,16598.08,16623.79,16343.4,16522.0,5110.683685
1669420800000,16522.0,16696.22,16387.15,16462.86,3498.455043
1669507200000,16462.86,16597.25,16403.53,16429.75,2944.144089
1669593600000,16429.75,16488.7,16000.0,16217.36,6637.168156
1669680000000,16217.36,16546.56,16101.0,16442.15,4903.028171
1669766400000,16442.15,17250.0,16428.42,17163.07,8424.56736
1669852800000,17163.07,17317.71,16863.5,16978.95,5679.99979
1669939200000,16978.95,17102.0,16780.39,17088.59,3675.066924
1670025600000,17088.59,17152.9,16861.54,16885.56,1908.132235
1670112000000,16885.56,17200.0,16884.65,17105.45,2839.832396
1670198400000,17105.45,17415.91,16867.67,16963.99,4887.118772
1670284800000,16963.99,17104.08,16904.6,17084.99,3221.637902
1670371200000,17084.99,17138.0,16689.0,16836.0,2849.864052
1670457600000,16836.0,17295.05,16730.0,17224.74,3867.291389
1670544000000,17224.74,17343.65,17058.58,17127.74,3186.18431
1670630400000,17127.74,17224.04,17091.32,17125.6,1651.503318
1670716800000,17125.6,17267.99,17059.92,17089.8,2009.59148
1670803200000,17089.8,17239.24,16870.8,17207.18,3831.887075
1670889600000,17207.18,17977.0,17079.31,17778.49,6979.827724
1670976000000,17778.49,18378.5,17658.0,17804.08,8759.110759
1671062400000,17804.08,17852.3,17270.0,17358.15,5543.619824
1671148800000,17358.15,17522.98,16531.21,16634.6,7691.687467
1671235200000,16634.6,16796.63,16580.63,16778.09,3232.398773
1671321600000,16778.09,16863.0,16663.11,16738.48,2251.370623
1671408000000,16738.48,16815.09,16267.82,16440.6,4315.124157
1671494400000,16440.6,17054.5,16398.04,16897.99,6468.452822
1671580800000,16897.99,16924.08,16730.25,16825.64,3529.107655
1671667200000,16825.64,16867.64,16563.68,16821.46,4284.281781
1671753600000,16821.46,16940.0,16703.43,16782.72,4628.548899
1671840000000,16782.72,16862.07,16778.8,16833.79,1804.624735
1671926400000,16833.79,16853.88,16720.0,16829.75,2354.123749
1672012800000,16829.75,16940.0,16789.99,16916.41,2836.653945
1672099200000,16916.41,16969.33,16599.0,16707.98,4764.614448
1672185600000,16707.98,16783.35,16468.45,16547.24,5177.611496
1672272000000,16547.24,16661.47,16490.66,16634.29,3522.499059
1672358400000,16634.29,16670.0,16336.03,16606.25,4792.841204
1672444800000,16606.25,16643.6,16471.44,16541.8,1859.060895
1672531200000,16541.8,16626.55,16498.43,16616.03,1481.32342
1672617600000,16616.03,16795.0,16545.47,16675.59,3465.593566
1672704000000,16675.59,16774.22,16605.73,16674.31,3557.621077
1672790400000,16674.31,16986.63,16654.86,16852.43,4274.157691
1672876800000,16852.43,16876.37,16760.0,16830.32,2488.247085
1672963200000,16830.32,17033.14,16683.55,16949.37,3327.187042
1673049600000,16949.37,16976.92,16912.08,16942.93,929.97139
1673136000000,16942.93,17173.0,16914.31,17126.05,1968.039652
1673222400000,17126.05,17393.08,17105.3,17180.77,4866.737009
1673308800000,17180.77,17490.92,17150.0,17441.13,3673.951425
1673395200000,17441.13,17988.62,17320.0,17936.61,4888.795582
1673481600000,17936.61,19100.0,17903.89,18845.82,11200.271936
1673568000000,18845.82,19999.0,18715.01,19927.28,8363.766683
1673654400000,19927.28,21255.78,19890.99,20949.31,12131.395421
1673740800000,20949.31,21050.0,20562.5,20873.6,5879.361496
1673827200000,20873.6,21450.0,20626.21,21184.2,8677.962555
1673913600000,21184.2,21601.6,20860.0,21127.5,6546.836512
1674000000000,21127.5,21643.82,20406.25,20674.41,9341.58071
1674086400000,20674.41,21182.15,20660.01,21074.05,4266.045182
1674172800000,21074.05,22744.0,20868.77,22667.13,7426.610371
1674259200000,22667.13,23350.0,22426.09,22773.93,9038.153344
1674345600000,22773.93,23083.95,22301.76,22706.88,6607.703483
1674432000000,22706.88,23179.0,22354.67,22914.38,6295.663836
1674518400000,22914.38,23166.88,22464.39,22629.99,5957.426384
1674604800000,22629.99,23799.84,22331.01,23050.0,6896.379635
1674691200000,23050.0,23278.79,22856.62,23004.5,4922.427157
1674777600000,23004.5,23499.65,22534.53,23070.7,5212.601539
1674864000000,23070.7,23185.1,22874.11,23023.66,2672.041517
1674950400000,23023.66,23957.85,22970.05,23746.27,5180.495966
1675036800000,23746.27,23795.54,22500.0,22825.57,6152.387285
1675123200000,22825.57,23320.0,22718.52,23127.02,4291.96611
1675209600000,23127.02,23800.0,22765.88,23730.52,5584.611397
1675296000000,23730.52,24250.36,23371.96,23491.44,7024.089901
1675382400000,23491.44,23711.0,23213.0,23436.46,4919.044055
1675468800000,23436.46,23582.53,23257.25,23325.07,2082.076923
1675555200000,23325.07,23426.32,22757.44,22932.42,3278.734785
1675641600000,22932.42,23160.2,22630.58,22761.7,3838.491101
1675728000000,22761.7,23348.22,22750.45,23243.02,4375.896777
1675814400000,23243.02,23448.0,22680.11,22958.41,3919.233981
1675900800000,22958.41,23005.09,21700.0,21796.73,7373.291964
1675987200000,21796.73,21934.41,21480.0,21631.49,4124.474714
1676073600000,21631.49,21899.6,21607.94,21863.97,1343.038651
1676160000000,21863.97,22084.19,21637.6,21780.45,1985.985647
1676246400000,21780.45,21888.6,21360.0,21774.06,3767.184413
1676332800000,21774.06,22311.67,21533.86,22199.85,4427.940576
1676419200000,22199.85,24373.65,22051.01,24325.3,8840.632638
1676505600000,24325.3,25251.19,23509.09,23511.17,10206.221583
1676592000000,23511.17,25022.54,23349.3,24573.61,8469.7561
1676678400000,24573.61,24868.26,24438.03,24633.23,2440.862726
1676764800000,24633.23,25183.29,24200.0,24272.0,4032.604591
1676851200000,24272.0,25116.51,23839.62,24841.01,4776.406495
1676937600000,24841.01,25285.6,24153.84,24448.43,4835.522539
1677024000000,24448.43,24470.29,23579.98,24184.01,4944.258348
1677110400000,24184.01,24593.16,23610.0,23936.0,4259.021337
1677196800000,23936.0,24125.49,22842.11,23188.41,4529.800321
1677283200000,23188.41,23216.27,22750.0,23160.28,1860.562919
1677369600000,23160.28,23685.38,23066.0,23556.01,2455.628786
1677456000000,23556.01,23888.0,23114.95,23489.79,4125.419734
1677542400000,23489.79,23593.63,23028.7,23139.62,2638.878832
1677628800000,23139.62,24000.0,23025.61,23640.0,3782.424477
1677715200000,23640.0,23792.38,23200.49,23463.99,2078.435297
1677801600000,23463.99,23471.83,21971.09,22352.0,6067.476034
1677888000000,22352.0,22404.71,22164.0,22347.46,1330.933178
1677974400000,22347.46,22652.14,22198.06,22425.8,1523.83034
1678060800000,22425.8,22596.96,22266.86,22410.95,2122.949922
1678147200000,22410.95,22552.81,21935.3,22199.99,3734.621784
1678233600000,22199.99,22281.52,21580.01,21706.57,3945.598885
1678320000000,21706.57,21834.0,20049.05,20365.8,7793.09165
1678406400000,20365.8,20365.81,19555.0,20150.39,11758.18701
1678492800000,20150.39,20679.56,19771.66,20457.85,9611.016884
1678579200000,20457.85,22109.37,20273.23,21994.24,7621.007453
1678665600000,21994.24,24482.93,21815.25,24104.02,14317.305025
1678752000000,24104.02,26393.33,23982.43,24674.98,17653.497335
1678838400000,24674.98,25177.13,23890.95,24276.58,14952.24118
1678924800000,24276.58,25167.46,24123.19,24997.48,10427.313945
1679011200000,24997.48,27755.5,24893.14,27387.69,16172.018179
1679097600000,27387.69,27720.95,26559.81,26902.45,9358.067824
1679184000000,26902.45,28385.81,26826.9,27964.68,10115.582332
1679270400000,27964.68,28467.0,27135.83,27720.49,11856.865778
1679356800000,27720.49,28435.18,27308.76,28104.57,7782.731577
1679443200000,28104.57,28868.0,26602.9,27247.89,16540.362092
1679529600000,27247.89,28755.8,27115.91,28293.9,11911.119418
1679616000000,28293.9,28368.08,27000.0,27453.55,9993.017946
1679702400000,27453.55,27787.18,27158.45,27459.9,3316.390471
1679788800000,27459.9,28200.75,27417.73,27970.73,3628.632175
1679875200000,27970.73,28022.49,26505.0,27123.67,7298.921914
1679961600000,27123.67,27510.99,26632.75,27262.0,6727.398097
1680048000000,27262.0,28641.86,27242.79,28349.07,9773.376897
1680134400000,28349.07,29180.0,27685.04,28028.47,10551.501819
1680220800000,28028.47,28652.11,27509.29,28466.64,7412.270937
1680307200000,28466.64,28820.0,28230.0,28455.06,2370.593503
1680393600000,28455.06,28525.57,27855.8,28170.11,3105.016214
1680480000000,28170.11,28520.0,27217.0,27805.45,8365.915454
1680566400000,27805.45,28446.03,27666.74,28165.08,5750.781633
1680652800000,28165.08,28779.7,27809.96,28171.82,6012.467133
1680739200000,28171.82,28182.16,27700.0,28035.31,3351.897281
1680825600000,28035.31,28103.69,27770.46,27903.08,1748.63307
1680912000000,27903.08,28152.05,27862.78,27943.39,1052.201573
1680998400000,27943.39,28526.16,27800.52,28320.0,2004.141351
1681084800000,28320.0,29783.39,28163.59,29639.2,6280.126642
1681171200000,29639.2,30558.0,29594.01,30201.23,6080.401
1681257600000,30201.23,30483.05,29650.0,29883.65,4722.994727
1681344000000,29883.65,30580.56,29854.58,30374.7,3436.316231
1681430400000,30374.7,31019.6,29979.39,30459.0,5784.024824
1681516800000,30459.0,30600.0,30207.0,30293.71,1426.512507
1681603200000,30293.71,30549.04,30122.74,30309.89,1923.533
1681689600000,30309.89,30315.82,29238.51,29430.0,4120.957998
1681776000000,29430.0,30480.0,29101.0,30380.3,5081.880679
1681862400000,30380.3,30411.85,28575.0,28800.0,7726.23048
1681948800000,28800.0,29084.69,28004.85,28240.0,6669.074372
1682035200000,28240.0,28367.55,27132.84,27260.0,7324.643024
1682121600000,27260.0,27876.71,27142.23,27814.31,4382.630394
1682208000000,27814.31,27815.45,27325.72,27589.68,3136.779501
1682294400000,27589.68,27993.93,26963.11,27510.0,5306.634471
1682380800000,27510.0,28386.91,27195.0,28296.63,6344.582444
1682467200000,28296.63,30030.0,27218.41,28417.26,15804.986006
1682553600000,28417.26,29893.44,28385.39,29475.17,9991.089901
1682640000000,29475.17,29593.74,28891.27,29380.21,6600.142753
